id;company_name;segment_id;primary_contact_name;primary_contact_phone;city;district;interest_level;assigned_to;notes;created_at;updated_at;client_code
42f78c88-cfd7-4659-9905-27764790742b;نزل المستقبل للتطوير والاستثمار العقاري;49a6e5bf-c5e5-4469-a4bf-2693329a81dd;يحي المالكي;0500056995;الرياض;العارض;;Abdelrahman Mohamed;;2026-01-27 20:46:17.46616+00;2026-01-30 13:29:59.775151+00;SAL-0096
65c354f0-02b6-477d-9805-c9fbd8cf8771;شركه بيوتكم العقاريه;02253fea-1d49-454d-ab4d-733a00364f0e;خالد البليهي;0599918755;الرياض;العارض;;Abdelrahman Mohamed;;2026-01-27 20:46:17.46616+00;2026-01-30 18:34:39.145387+00;SAL-0127
057c6a00-f8dc-4134-ba66-85403f3d992b;شركه عنان الجزيره للمقاولات العامه;97d2fe7f-409f-46f8-94cc-6b7b0d699ad6;م. ابو فيصل;0553155468;;;;Abdelrahman Mohamed;;2026-01-19 16:15:58.880063+00;2026-01-28 19:13:15.356668+00;SAL-0045
b0a17b50-8169-4ec2-a60f-e8a7a18aed45;ابو عبد الرحمن للمقاولات;c7a5e0cd-9d76-4dff-85c2-6888f08373b8;ابو عبدالرحمن;055 155 0942;;;;Abdelrahman Mohamed;;2026-01-19 16:20:04.761684+00;2026-01-28 19:13:15.356668+00;SAL-0046
c91bfd91-9e6d-4a4f-b044-5b0bcaebaecb;شركه تل الرياده للمقاولات;97d2fe7f-409f-46f8-94cc-6b7b0d699ad6;ماجد مشتريات;	+966 53 530 3008;;;;Abdelrahman Mohamed;;2026-01-19 16:24:12.8345+00;2026-01-28 19:13:15.356668+00;SAL-0047
eb748f94-3462-418a-8f6b-237d2279b66f;مؤسسه العقل للمقاولات العامه;02253fea-1d49-454d-ab4d-733a00364f0e;ابو نايف;0555460811;;;;Abdelrahman Mohamed;;2026-01-19 16:28:29.315959+00;2026-01-28 19:13:15.356668+00;SAL-0048
eb5ee413-1780-4cd8-b108-78f61740a294;شركه قوام التعمير للمقاولات;02253fea-1d49-454d-ab4d-733a00364f0e;م. محمد;059 700 0387;;;;Abdelrahman Mohamed;;2026-01-19 16:31:36.990994+00;2026-01-28 19:13:15.356668+00;SAL-0049
08884c00-cc6d-4b86-8296-be850253c6fb;شركه البناؤون السعوديون للمقاولات;97d2fe7f-409f-46f8-94cc-6b7b0d699ad6;لم يرد;	+966 50 625 2222;;;;Abdelrahman Mohamed;;2026-01-19 16:34:44.948346+00;2026-01-28 19:13:15.356668+00;SAL-0050
660e9cb1-e51a-4aa5-b65e-bf22d5c447e2;مؤسسه العثمان للمقاولات العامه;02253fea-1d49-454d-ab4d-733a00364f0e;م. عبدالله الخضيزي;0592399975;;;;Abdelrahman Mohamed;;2026-01-19 17:37:58.237404+00;2026-01-28 19:13:15.356668+00;SAL-0051
971cb2f8-3c38-4602-85a6-b62388450c0e;شركه ماز الأعمار للمقاولات;97d2fe7f-409f-46f8-94cc-6b7b0d699ad6;تامر مشتريات;055 040 8547;;;;Abdelrahman Mohamed;;2026-01-19 17:41:16.429887+00;2026-01-28 19:13:15.356668+00;SAL-0052
87b0c9d2-2653-494c-adbe-3ae8e06a38af;شركه الوصل الأولى للمقاولات;02253fea-1d49-454d-ab4d-733a00364f0e;ابو فهد;055 513 3155;;;;Abdelrahman Mohamed;;2026-01-19 17:44:33.015867+00;2026-01-28 19:13:15.356668+00;SAL-0053
ccaac7c9-5cc7-41fb-94ab-af853d1704a2;شركه اساس إيناس العقاريه;97d2fe7f-409f-46f8-94cc-6b7b0d699ad6;م. محمد;050 218 1362;;;;Abdelrahman Mohamed;;2026-01-19 17:47:29.526089+00;2026-01-28 19:13:15.356668+00;SAL-0054
9fb9257b-a0eb-4642-ab73-06244d4f7d64;كود للتطوير والاستثمار العقارب;97d2fe7f-409f-46f8-94cc-6b7b0d699ad6;م. محمد;050 384 1333;;;;Abdelrahman Mohamed;;2026-01-19 17:53:18.943221+00;2026-01-28 19:13:15.356668+00;SAL-0055
a4b972ad-90b3-475f-aa3a-0844919deadc;شركه الرايه الإنشائية للمقاولات;97d2fe7f-409f-46f8-94cc-6b7b0d699ad6;لم يرد;055 807 0106;;;;Abdelrahman Mohamed;;2026-01-22 15:44:47.170853+00;2026-01-28 19:13:15.356668+00;SAL-0056
5caf2d04-8197-4184-81e5-50ca58ddf496;شركه قلاع الجزيره للمقاولات;02253fea-1d49-454d-ab4d-733a00364f0e;ابو وائل;0538277614;;;;Abdelrahman Mohamed;;2026-01-22 15:47:32.657433+00;2026-01-28 19:13:15.356668+00;SAL-0057
7baf19d3-c64c-429a-802f-3b16e9d5ec24;شركه ارتكاز البناء للمقاولات;97d2fe7f-409f-46f8-94cc-6b7b0d699ad6;محمد فواز;0566644770;;;;Abdelrahman Mohamed;;2026-01-22 15:50:59.505285+00;2026-01-28 19:13:15.356668+00;SAL-0058
a0c54323-4918-4a5b-9206-fc528f37e25a;مؤسسه العبير الحديثه للمقاولات العامه;02253fea-1d49-454d-ab4d-733a00364f0e;لم يرد;0590990008;;;;Abdelrahman Mohamed;;2026-01-22 16:31:11.36086+00;2026-01-28 19:13:15.356668+00;SAL-0059
d7f1437f-9c96-42d9-a38f-0a662ab6a070;شركه رتيل الشرق للمقاولات;97d2fe7f-409f-46f8-94cc-6b7b0d699ad6;م. صالح;054 081 7883;;;;Abdelrahman Mohamed;;2026-01-22 16:37:50.731292+00;2026-01-28 19:13:15.356668+00;SAL-0060
ebf8900c-1e66-4010-af7f-1286e577b9d3;Made للمقاولات;97d2fe7f-409f-46f8-94cc-6b7b0d699ad6;م. عدنان;0566822877;;;;Abdelrahman Mohamed;;2026-01-22 16:43:45.642942+00;2026-01-28 19:13:15.356668+00;SAL-0061
a8edf175-722e-4f7f-86c3-7dc417323e61;مؤسسه رمز العذوب للمقاولات;02253fea-1d49-454d-ab4d-733a00364f0e;لم يرد;0536351007;;;;Abdelrahman Mohamed;;2026-01-22 16:47:18.854794+00;2026-01-28 19:13:15.356668+00;SAL-0062
a640b381-5f99-47f8-8ca2-9ded8dc65e57;مؤسسه تستبين للمقاولات;02253fea-1d49-454d-ab4d-733a00364f0e;م. نضال;0532929268;;;;Abdelrahman Mohamed;;2026-01-22 16:50:22.476689+00;2026-01-28 19:13:15.356668+00;SAL-0063
d9e9386d-c185-4385-8f8f-e7cecad7a4a8;مؤسسه يوسف محمد جلوي المصلوخ للمقاولات العامه;97d2fe7f-409f-46f8-94cc-6b7b0d699ad6;لم يرد;0502345481;;;;Abdelrahman Mohamed;;2026-01-22 16:53:47.680324+00;2026-01-28 19:13:15.356668+00;SAL-0064
f057119a-da40-46fd-b277-d4a8a751af56;شركه أسس القمه للمقاولات;02253fea-1d49-454d-ab4d-733a00364f0e;لم يرد;0501206599;;;;Abdelrahman Mohamed;;2026-01-22 16:56:04.891491+00;2026-01-28 19:13:15.356668+00;SAL-0065
bfcfa1c6-3eea-4f64-a036-12bb4c8ca7cb;شركه زون المعماريه;97d2fe7f-409f-46f8-94cc-6b7b0d699ad6;م. أدهم صوان;0535554746;;;;Abdelrahman Mohamed;;2026-01-22 16:58:54.762176+00;2026-01-28 19:13:15.356668+00;SAL-0066
4a15869b-69b0-40e0-8761-d0f752c9db76;شركه الهفوف للمقاولات العامه;97d2fe7f-409f-46f8-94cc-6b7b0d699ad6;م. محمود;0551256520;;;;Abdelrahman Mohamed;;2026-01-22 17:06:49.756492+00;2026-01-28 19:13:15.356668+00;SAL-0067
5ca159bb-2d55-4dae-a1a8-666a4017a376;شركه إعمار الانشائات للمقاولات;02253fea-1d49-454d-ab4d-733a00364f0e;م. احمد;0557000144;;;;Abdelrahman Mohamed;;2026-01-22 17:11:14.035118+00;2026-01-28 19:13:15.356668+00;SAL-0068
e7291b26-ca59-4951-bd40-db7a7bced577;مؤسسه منصه النهضه للمقاولات;97d2fe7f-409f-46f8-94cc-6b7b0d699ad6;م. عمار حجازي;050 531 8811;;;;Abdelrahman Mohamed;;2026-01-22 17:15:35.497046+00;2026-01-28 19:13:15.356668+00;SAL-0069
2f9d2700-2654-4b04-901c-09bbd915be2c;شركه البناء الثابت للمقاولات;02253fea-1d49-454d-ab4d-733a00364f0e;لم يرد;0557605004;;;;Abdelrahman Mohamed;;2026-01-22 17:20:40.403526+00;2026-01-28 19:13:15.356668+00;SAL-0070
940a66b9-de39-42b8-b72e-9b0c052298ed;مؤسسه خيال الإمارات للمقاولت;02253fea-1d49-454d-ab4d-733a00364f0e;م. مصطفي;0506631058;;;;Abdelrahman Mohamed;;2026-01-22 17:38:00.860844+00;2026-01-28 19:13:15.356668+00;SAL-0071
33eea4ab-1512-44ea-bf1e-ec39a6f98dc2;شركه التلال الزرقاء للمقاولات;02253fea-1d49-454d-ab4d-733a00364f0e;لم يرد;0559869692;;;;Abdelrahman Mohamed;;2026-01-22 17:42:09.08001+00;2026-01-28 19:13:15.356668+00;SAL-0072
2bf3c67c-06e3-474a-b311-e56db624e066;مؤسسه أرض المصمم للمقاولات;02253fea-1d49-454d-ab4d-733a00364f0e;لم يرد;https://maps.app.goo.gl/uLmM1ASuuZgTZNMC8;;;;Abdelrahman Mohamed;;2026-01-22 17:45:51.799581+00;2026-01-28 19:13:15.356668+00;SAL-0073
699c631d-2f94-4442-8ef1-eb0ed10d152c;مؤسسه ضوء الإنجاز للمقاولات;97d2fe7f-409f-46f8-94cc-6b7b0d699ad6;م. عبدالمجيد;0540960963;;;;Abdelrahman Mohamed;;2026-01-22 17:49:20.58364+00;2026-01-28 19:13:15.356668+00;SAL-0074
25953707-781e-4571-8c98-a6780ea81f15;شركه مسار الاستثمار للتطوير العقاري;49a6e5bf-c5e5-4469-a4bf-2693329a81dd;م. فيصل;055 540 4333;;;;Abdelrahman Mohamed;;2026-01-22 17:53:38.378918+00;2026-01-28 19:13:15.356668+00;SAL-0075
9e1d30fa-74a2-4761-b7d0-e6bd15af922e;شركه تيجان للاداره المشاريع;02253fea-1d49-454d-ab4d-733a00364f0e;لم يرد;0537125085;;;;Abdelrahman Mohamed;;2026-01-22 17:56:15.478786+00;2026-01-28 19:13:15.356668+00;SAL-0076
a5510102-565e-4696-a7c4-87aa1d7d0a07;شركه عوارض للمقاولات;97d2fe7f-409f-46f8-94cc-6b7b0d699ad6;ابو خليفه مشتريات;058 007 4310;;;;Abdelrahman Mohamed;;2026-01-27 16:59:06.248331+00;2026-01-28 19:13:15.356668+00;SAL-0077
d7f3c221-64f8-4180-805f-c30db8a5b345;شركه تصميم المعالي للمقاولات;02253fea-1d49-454d-ab4d-733a00364f0e;م محمود;055 982 4986;;;;Abdelrahman Mohamed;;2026-01-27 17:24:27.677041+00;2026-01-28 19:13:15.356668+00;SAL-0078
f7b80199-fd74-4bf6-84d6-465c85766f94;محفوظ مقاول;02253fea-1d49-454d-ab4d-733a00364f0e;م. محفوظ;056 321 3022;;;;Abdelrahman Mohamed;;2026-01-27 17:28:07.458737+00;2026-01-28 19:13:15.356668+00;SAL-0079
ae562b5f-7eac-4c11-b52a-e4e2c3e930cf;شركه إشراقه للمقاولات;02253fea-1d49-454d-ab4d-733a00364f0e;م. عبدالرحمن;0544488295;;;;Abdelrahman Mohamed;;2026-01-27 17:32:08.318744+00;2026-01-28 19:13:15.356668+00;SAL-0080
2288bd22-ff46-4f4c-9129-cac8f4ee22f0;شركه أعمال سدل للمقاولات;97d2fe7f-409f-46f8-94cc-6b7b0d699ad6;لم يرد;050 155 4440;;;;Abdelrahman Mohamed;;2026-01-27 17:35:02.542397+00;2026-01-28 19:13:15.356668+00;SAL-0081
a0f8c85b-6b0b-4188-85ac-508001192c65;مؤسسه فارقه للمقاولات;02253fea-1d49-454d-ab4d-733a00364f0e;ابو عمر;0503292830;الرياض;العارض;;Abdelrahman Mohamed;;2026-01-27 20:46:17.46616+00;2026-01-30 13:15:09.810584+00;SAL-0090
79d0845f-2194-4461-baf3-6978cd46fdd2;مؤسسه كتال للمقاولات;97d2fe7f-409f-46f8-94cc-6b7b0d699ad6;مهندس احمد;0510016287;الرياض;العارض;;Abdelrahman Mohamed;;2026-01-27 20:46:17.46616+00;2026-01-30 13:19:12.239341+00;SAL-0091
ec2f2dfb-38bb-4d40-82fb-2de61cc90b5f;شركه معيار النخبه للمقاولات;02253fea-1d49-454d-ab4d-733a00364f0e;لم يرد;053 121 2861;;;;Abdelrahman Mohamed;;2026-01-27 17:37:56.982276+00;2026-01-28 19:13:15.356668+00;SAL-0082
ddfffc2d-98c4-4d01-973d-a9ac203c86f5;مؤسسه اعمده الأعمار للمقاولات;97d2fe7f-409f-46f8-94cc-6b7b0d699ad6;م. ابو بكر;050 891 8687;;;;Abdelrahman Mohamed;;2026-01-27 18:05:29.389835+00;2026-01-28 19:13:15.356668+00;SAL-0083
81c3ac53-1d64-4fb0-b39b-768a169b40be;مقايس التشييد للمقاولات;97d2fe7f-409f-46f8-94cc-6b7b0d699ad6;م. عبدالله;0552510157;;;;Abdelrahman Mohamed;;2026-01-27 18:10:48.145778+00;2026-01-28 19:13:15.356668+00;SAL-0084
5ac3801c-c10b-4b75-b6c4-1ce10714a0c2;شركه رافه العقاريه;49a6e5bf-c5e5-4469-a4bf-2693329a81dd;لم يرد;0559910552;;;;Abdelrahman Mohamed;;2026-01-27 18:14:28.253542+00;2026-01-28 19:13:15.356668+00;SAL-0085
9f6f7a2e-258a-4b42-8b06-c7b5467002f2; مؤسسه عوض الله سعيد عوض الله الذيباني للمقاولات;;;0503375387;;;;;;2026-01-27 20:46:17.46616+00;2026-01-28 19:13:15.356668+00;SAL-0089
dbec863e-8988-4678-b0ad-1ea62e9fb775;مؤسسه كمبليشن تايم للمقاولات;02253fea-1d49-454d-ab4d-733a00364f0e;صالح الراشدي;0504268204;الرياض;العارض;;Abdelrahman Mohamed;;2026-01-27 20:46:17.46616+00;2026-01-30 13:21:34.390031+00;SAL-0092
c810beeb-522c-497e-9064-d18c92de5f43;مؤسسه محمد السهلي للمقاولات;02253fea-1d49-454d-ab4d-733a00364f0e;ابو محمد السهلي;0555280378;الرياض;العارض;;Abdelrahman Mohamed;;2026-01-27 20:46:17.46616+00;2026-01-30 13:24:42.71528+00;SAL-0093
d198de81-42c4-4196-a984-60a1cc957af3;مؤسسه مرزوق عبدالله العتيبي للمقاولات;02253fea-1d49-454d-ab4d-733a00364f0e;;0509718128;الرياض;العارض;;Abdelrahman Mohamed;;2026-01-27 20:46:17.46616+00;2026-01-30 13:27:25.650703+00;SAL-0094
745a8c98-d9a0-4eb2-8b2b-d4ab06118476;مجموعه نمو الانشاء للمقاولات العامه;97d2fe7f-409f-46f8-94cc-6b7b0d699ad6;;0530290000;الرياض;العارض;;Abdelrahman Mohamed;;2026-01-27 20:46:17.46616+00;2026-01-30 13:39:09.244015+00;SAL-0095
f0255b9b-85dc-4620-920c-0afeb6aff25b;مؤسسة جمال حجازي للمقاولات;02253fea-1d49-454d-ab4d-733a00364f0e;ابو يوسف;0555585438;الرياض;العارض;;Abdelrahman Mohamed;;2026-01-27 20:46:17.46616+00;2026-01-30 13:43:24.565062+00;SAL-0086
7cd92328-562b-4f23-958d-d606303373cc;A/A;02253fea-1d49-454d-ab4d-733a00364f0e;ابو نواف;0505214122;الرياض;العارض;;Abdelrahman Mohamed;;2026-01-27 20:46:17.46616+00;2026-01-30 13:44:46.877447+00;SAL-0097
a4fbe6ba-ea3c-47b7-9f25-39384225171c;A/M;02253fea-1d49-454d-ab4d-733a00364f0e;ابو محمد;0591068777;الرياض;العارض;;Abdelrahman Mohamed;;2026-01-27 20:46:17.46616+00;2026-01-30 13:46:31.793913+00;SAL-0098
3962a0f2-9b46-4628-ab39-c1e646b92b3f;A/T;02253fea-1d49-454d-ab4d-733a00364f0e;ابو تركي;0500877322;الرياض;العارض;;Abdelrahman Mohamed;;2026-01-27 20:46:17.46616+00;2026-01-30 13:49:36.98786+00;SAL-0099
44eba481-6f0e-40c6-b446-cd37bdd9f1d0;S/A;02253fea-1d49-454d-ab4d-733a00364f0e;صالح عبدالله;0505423353;الرياض;العارض;;Abdelrahman Mohamed;;2026-01-27 20:46:17.46616+00;2026-01-30 13:54:26.389387+00;SAL-0101
afbab8f9-6455-4a9a-b1a6-de930e29c210;اصاله المباني;02253fea-1d49-454d-ab4d-733a00364f0e;طلال المسعود;0533011707;الرياض;العارض;;Abdelrahman Mohamed;;2026-01-27 20:46:17.46616+00;2026-01-30 13:58:57.155007+00;SAL-0102
de3447d4-55a6-4868-bf80-155cd34914ca;شركة السدران;02253fea-1d49-454d-ab4d-733a00364f0e;عثمان السدران;0506184297;الرياض;العارض;;Abdelrahman Mohamed;;2026-01-27 20:46:17.46616+00;2026-01-30 14:10:56.793811+00;SAL-0104
9d1571e8-3bfb-47d2-b028-ba101a2ad0e2;شركة العباد للمقاولات;02253fea-1d49-454d-ab4d-733a00364f0e;ابو عبدالرحمن;0536010201;الرياض;العارض;;Abdelrahman Mohamed;;2026-01-27 20:46:17.46616+00;2026-01-30 14:12:56.380692+00;SAL-0105
6937199b-bca1-42ea-a825-b970bfe0095e;شركة تكافل المشرق المتقدمه للمقاولات;97d2fe7f-409f-46f8-94cc-6b7b0d699ad6;المهندسه سونيا;0500044800;الرياض;العارض;;Abdelrahman Mohamed;;2026-01-27 20:46:17.46616+00;2026-01-30 14:15:04.263812+00;SAL-0106
3cda4440-a5f3-4c9f-995e-187e0ec060ab;شركة شفق الإنشائية للمقاولات;97d2fe7f-409f-46f8-94cc-6b7b0d699ad6;محمد العبيدي;0504265001;الرياض;العارض;;Abdelrahman Mohamed;;2026-01-27 20:46:17.46616+00;2026-01-30 14:26:54.378697+00;SAL-0108
aa82ebd0-ac13-450c-a41e-01dcaacd86dd;شركة يرى للتطوير العقاري;97d2fe7f-409f-46f8-94cc-6b7b0d699ad6;;0558260099;الرياض;العارض;;Abdelrahman Mohamed;;2026-01-27 20:46:17.46616+00;2026-01-30 14:29:05.757833+00;SAL-0109
c8845689-ee7e-471d-9b6b-b589950052f3;شركه أسس طويق للمقاولات;02253fea-1d49-454d-ab4d-733a00364f0e;;0505777110;الرياض;العارض;;Abdelrahman Mohamed;;2026-01-27 20:46:17.46616+00;2026-01-30 14:32:41.994053+00;SAL-0110
b199b0a4-da20-4d32-b221-14e3991e973c;شركه إعمار القواعد الثابته للمقاولات;02253fea-1d49-454d-ab4d-733a00364f0e;شركه إعمار القواعد الثابته;0558779246;الرياض;العارض;;Abdelrahman Mohamed;;2026-01-27 20:46:17.46616+00;2026-01-30 14:37:18.685991+00;SAL-0112
aa12d550-2268-4261-8ae8-f7c05a1fbe4a;شركه ارتكاز المنزل للمقاولات;02253fea-1d49-454d-ab4d-733a00364f0e;ابو احمد;0533553822;الرياض;العارض;;Abdelrahman Mohamed;;2026-01-27 20:46:17.46616+00;2026-01-30 14:41:55.099953+00;SAL-0114
fce58f5c-dafd-495e-b89e-db5905de72c3;شركه إعمار وأكثر المحدوده;02253fea-1d49-454d-ab4d-733a00364f0e;;0500966670;الرياض;العارض;;Abdelrahman Mohamed;;2026-01-27 20:46:17.46616+00;2026-01-30 14:40:50.813859+00;SAL-0113
0a961592-f75c-4373-9173-88c69f864f6d;شركه اساس الانشاء للمقاولات;02253fea-1d49-454d-ab4d-733a00364f0e;;0506024455;الرياض;العارض;;Abdelrahman Mohamed;;2026-01-27 20:46:17.46616+00;2026-01-30 14:48:50.849949+00;SAL-0115
c733dfcd-d3f8-4b57-83bf-283d85b7b603;شركه اساس المعياد للمقاولات;02253fea-1d49-454d-ab4d-733a00364f0e;ابراهيم المعيد;0561664426;الرياض;العارض;;Abdelrahman Mohamed;;2026-01-27 20:46:17.46616+00;2026-01-30 17:43:28.658725+00;SAL-0116
1a3c8365-38ab-4186-986d-b3dc40d85d4c;شركه اساكن للتطوير العقاري;49a6e5bf-c5e5-4469-a4bf-2693329a81dd;مهندس عبدالرحيم;055860979;الرياض;العارض;;Abdelrahman Mohamed;;2026-01-27 20:46:17.46616+00;2026-01-30 17:46:49.855024+00;SAL-0117
5f60de57-6498-498f-b027-3fc63738efaf;شركه اسم واحد للتطوير العقاري;49a6e5bf-c5e5-4469-a4bf-2693329a81dd;;0560090062;الرياض;العارض;;Abdelrahman Mohamed;;2026-01-27 20:46:17.46616+00;2026-01-30 17:53:51.309847+00;SAL-0118
8626a837-caad-4566-82d7-9e706625288a;شركه الإنجاز المتقن للمقاولات;97d2fe7f-409f-46f8-94cc-6b7b0d699ad6;خالد الشمري;0532280656;الرياض;العارض;;Abdelrahman Mohamed;;2026-01-27 20:46:17.46616+00;2026-01-30 17:55:02.887569+00;SAL-0119
cb7d3d27-4dc7-406f-acbe-7194e1aeaa06;شركه الدعيجي للتطوير العقاري;49a6e5bf-c5e5-4469-a4bf-2693329a81dd;احمد مدحت;0599435459;الرياض;العارض;;Abdelrahman Mohamed;;2026-01-27 20:46:17.46616+00;2026-01-30 18:01:00.619261+00;SAL-0120
51d6f583-3437-47a9-9e2f-45227711758a;شركه المسكن الهادي للمقاولات;02253fea-1d49-454d-ab4d-733a00364f0e;شركه المسكن الهادي للمقاولات;0552664255;الرياض;العارض;;Abdelrahman Mohamed;;2026-01-27 20:46:17.46616+00;2026-01-30 18:02:58.300949+00;SAL-0121
73e42847-ad19-4eaa-a176-0d776aad31a7;شركه اوتاد الفرات للمقاولات العامه;97d2fe7f-409f-46f8-94cc-6b7b0d699ad6;باسل الغدير;0508394441;الرياض;العارض;;Abdelrahman Mohamed;;2026-01-27 20:46:17.46616+00;2026-01-30 18:09:41.540204+00;SAL-0122
42df9df6-857a-4d46-95b3-daeedf4920d7;شركه ايثار المسكن العقاريه;97d2fe7f-409f-46f8-94cc-6b7b0d699ad6;مهندس اسماعيل;0500447698;الرياض;العارض;;Abdelrahman Mohamed;;2026-01-27 20:46:17.46616+00;2026-01-30 18:12:49.519451+00;SAL-0123
d734fe18-0b63-42a1-a38a-ae61da88af4c;مؤسسه طوبه البناء للمقاولات;02253fea-1d49-454d-ab4d-733a00364f0e;منصور ابراهيم;0504211206;الرياض;العارض;;Abdelrahman Mohamed;;2026-01-27 20:46:17.46616+00;2026-01-30 13:34:39.87392+00;SAL-0162
b1ab4935-369c-4502-b2d4-bd946379be3b;مؤسسه سور الأعمار للمقاولات;97d2fe7f-409f-46f8-94cc-6b7b0d699ad6;سيد النمس;0570411961;الرياض;العارض;;Abdelrahman Mohamed;;2026-01-27 20:46:17.46616+00;2026-01-30 13:36:48.249752+00;SAL-0161
174ba9e0-e18d-4221-ab56-d1b74caed98c;شركه مشارف الوسام ;;احمد خطاب;0542140104;;;;;;2026-01-27 20:46:17.46616+00;2026-01-28 19:13:15.356668+00;SAL-0145
2091bd27-ac84-4d11-a1e5-b3d8ff010dd9;شركه مناره التنفيذ للمقاولات;;احمد عرفه;0509046492;الرياض;العارض;;;;2026-01-27 20:46:17.46616+00;2026-01-28 19:13:15.356668+00;SAL-0146
dc6c1137-3823-4ad6-be6a-f73a2591fbeb;شركه هدب للمقاولات ;;محمد الحاج;0504886577;الرياض;العارض;;;;2026-01-27 20:46:17.46616+00;2026-01-28 19:13:15.356668+00;SAL-0147
befce15f-df33-4930-81ab-2f439727d109;شركه ورده المساكن للمقاولات;;مهندس احمد;0535576198;الرياض;العارض ;;;;2026-01-27 20:46:17.46616+00;2026-01-28 19:13:15.356668+00;SAL-0148
a5f2184a-030e-4e34-a9f3-c2dd24f0be5d;شركه وقت المستقبل للتطوير العقاري ;;;0540820004;;;;;;2026-01-27 20:46:17.46616+00;2026-01-28 19:13:15.356668+00;SAL-0149
6e68e834-b440-46d3-be3f-7ed3eb3de230;مؤسسة المقبل للمقاولات;;عيسى المقبل;0551099755;الرياض;العارض;;;;2026-01-27 20:46:17.46616+00;2026-01-28 19:13:15.356668+00;SAL-0150
d7b4f407-f1e7-4aab-b68e-6f9aa57f9012;مؤسسه أحمد سعد الشاهين للمقاولات;;;0505217367;;;;;;2026-01-27 20:46:17.46616+00;2026-01-28 19:13:15.356668+00;SAL-0151
b423eb59-1968-4185-ad69-fde5b2539045;مؤسسه اساس ميعاد للمقاولات;;ابو صدام;0577361572;;;;;;2026-01-27 20:46:17.46616+00;2026-01-28 19:13:15.356668+00;SAL-0152
de0d5a09-aea3-4151-86f2-f8909e146105;مؤسسه الذكاء المعماري للمقاولات;;ابو وليد الدوسري;0502512022;العارض;الرياض;;;;2026-01-27 20:46:17.46616+00;2026-01-28 19:13:15.356668+00;SAL-0153
eff7c402-7699-4854-8f45-8dd1602e78a9;شركه شموخ قاسيون للمقاولات;02253fea-1d49-454d-ab4d-733a00364f0e;ابو بدر;0551350558;;;;Abdelrahman Mohamed;;2026-01-28 18:30:40.939514+00;2026-01-28 19:13:15.356668+00;SAL-0163
379aaa06-9904-48f1-9085-da6750a04860;شركه ركائز التنفيذ للمقاولات;97d2fe7f-409f-46f8-94cc-6b7b0d699ad6;ابو احمد;055 833 3641;;;;Abdelrahman Mohamed;;2026-01-28 18:39:40.969796+00;2026-01-28 19:13:15.356668+00;SAL-0164
0d8a3b7b-5444-41c6-b7ba-c3c6c555b872;مؤسسه فلوق للمقاولات;02253fea-1d49-454d-ab4d-733a00364f0e;ابو خالد;0555182185;;;;Abdelrahman Mohamed;;2026-01-28 18:45:39.579613+00;2026-01-28 19:13:15.356668+00;SAL-0165
34679170-5dec-4c99-8eeb-77a46491093f;ابو ناصر للمقاولات;97d2fe7f-409f-46f8-94cc-6b7b0d699ad6;ابو ناصر;056 856 6678;;;;Abdelrahman Mohamed;;2026-01-28 18:50:29.683885+00;2026-01-28 19:13:15.356668+00;SAL-0166
238dcfbf-60e6-4891-a4f7-8b9b9724d770;شركه وسم للمقاولات;97d2fe7f-409f-46f8-94cc-6b7b0d699ad6;م. رشيد;055 307 9158;;;;Abdelrahman Mohamed;;2026-01-28 18:53:35.933925+00;2026-01-28 19:13:15.356668+00;SAL-0167
44ab78ac-7393-4b06-be4f-1e6fa6006528;مؤسسه سليمان الراشد للمقاولات;02253fea-1d49-454d-ab4d-733a00364f0e;مهندس سليمان الراشد;0555443121;الرياض;العارض;;Abdelrahman Mohamed;;2026-01-27 20:46:17.46616+00;2026-01-30 13:41:33.333429+00;SAL-0160
0ba963b2-c0a4-4df5-9728-fe440ebaf546;K/H;97d2fe7f-409f-46f8-94cc-6b7b0d699ad6;خالد اليوسف;0500860860;الرياض;العارض;;Abdelrahman Mohamed;;2026-01-27 20:46:17.46616+00;2026-01-30 13:51:51.570266+00;SAL-0100
f742602b-dbfb-4be7-b5ae-39cedbcb85fb;مؤسسه رفاق البناء للمقاولات;97d2fe7f-409f-46f8-94cc-6b7b0d699ad6;;0580010069;الرياض;العارض;;Abdelrahman Mohamed;;2026-01-27 20:46:17.46616+00;2026-01-30 18:17:02.851784+00;SAL-0159
c70b8d2d-0f42-4827-8f4d-83a170809b98;مؤسسه ربوه الجبل للمقاولات;02253fea-1d49-454d-ab4d-733a00364f0e;حمدان مطيري;0503999516;الرياض;العارض;;Abdelrahman Mohamed;;2026-01-27 20:46:17.46616+00;2026-01-30 18:21:10.278716+00;SAL-0158
9f8dddd7-23c3-4752-90b1-c798fa1fc3f1;مؤسسه بنيان الشهباء للمقاولات;02253fea-1d49-454d-ab4d-733a00364f0e;;0533448240;الرياض;العارض;;Abdelrahman Mohamed;;2026-01-27 20:46:17.46616+00;2026-01-30 18:23:54.428359+00;SAL-0157
702d0880-0d70-46b8-8413-9d9b2bf7cb94;شركه جزور الوسطى للمقاولات;97d2fe7f-409f-46f8-94cc-6b7b0d699ad6;يوسف;0581571737;الرياض;العارض;;Abdelrahman Mohamed;;2026-01-27 20:46:17.46616+00;2026-01-30 18:25:23.3243+00;SAL-0128
b0fbdad6-7915-435e-b52a-50491b218e80;A/K;02253fea-1d49-454d-ab4d-733a00364f0e;ابو خالد;0505498385;الرياض;العارض;;Abdelrahman Mohamed;;2026-01-27 20:46:17.46616+00;2026-01-30 18:32:08.997584+00;SAL-0087
4a789fa6-e00f-4a0c-9f1e-f49c90adaef1;شركه دروع المباني للمقاولات;97d2fe7f-409f-46f8-94cc-6b7b0d699ad6;محمد اسامه;0570107322;الرياض;العارض;;Abdelrahman Mohamed;;2026-01-27 20:46:17.46616+00;2026-01-30 18:37:20.064962+00;SAL-0130
956392a9-2971-4e08-b963-994e5f1f1098;شركه حصافه للعقارات والمقاولات;97d2fe7f-409f-46f8-94cc-6b7b0d699ad6;عبدالله الدوسري;0560000465;الرياض;العارض;;Abdelrahman Mohamed;;2026-01-27 20:46:17.46616+00;2026-01-30 18:39:40.647792+00;SAL-0129
abeb1092-4402-498e-ae90-014b10fc9cb5;شركه دلتا التشييد للمقاولات;97d2fe7f-409f-46f8-94cc-6b7b0d699ad6;;0533550041;الرياض;العارض;;Abdelrahman Mohamed;;2026-01-27 20:46:17.46616+00;2026-01-30 18:41:41.155533+00;SAL-0131
8c877e2d-bc5f-4c3a-b439-f6aee293cc14;شركه رايات نجد للتطوير العقاري;49a6e5bf-c5e5-4469-a4bf-2693329a81dd;المهندس معاذ;0503559789;الرياض;العارض;;Abdelrahman Mohamed;;2026-01-27 20:46:17.46616+00;2026-01-30 18:46:24.322207+00;SAL-0133
9ce81c48-d17a-4579-9e75-6c7cfb37d49c;شركه رميز العقاريه;97d2fe7f-409f-46f8-94cc-6b7b0d699ad6;فيصل;0538123949;الرياض;العارض;;Abdelrahman Mohamed;;2026-01-27 20:46:17.46616+00;2026-01-30 18:48:39.826916+00;SAL-0134
1c696264-286d-48d5-a3f3-5f73c515c765;شركه سله المنحات المحدود;02253fea-1d49-454d-ab4d-733a00364f0e;;0505498787;الرياض;العارض;;Abdelrahman Mohamed;;2026-01-27 20:46:17.46616+00;2026-01-30 18:53:02.595684+00;SAL-0136
ca92f127-17da-4772-b6e5-cce6c803f928;شركه سمائي للتطوير العقاري;97d2fe7f-409f-46f8-94cc-6b7b0d699ad6;المهندس عمر;0540265334;الرياض;العارض;;Abdelrahman Mohamed;;2026-01-27 20:46:17.46616+00;2026-01-30 18:54:20.989164+00;SAL-0137
59803054-6bce-4047-9a01-6d0274d77a5f;شركه سهم البيارق للمقاولات;02253fea-1d49-454d-ab4d-733a00364f0e;;0552776777;الرياض;العارض;;Abdelrahman Mohamed;;2026-01-27 20:46:17.46616+00;2026-01-30 18:56:32.193179+00;SAL-0138
5663b711-6b9a-40c3-9724-10bf16565caf;شركه فرساي للتطوير العقاري;49a6e5bf-c5e5-4469-a4bf-2693329a81dd;ابو نايف;0530200081;الرياض;العارض;;Abdelrahman Mohamed;;2026-01-27 20:46:17.46616+00;2026-01-30 18:59:42.155401+00;SAL-0140
413b87fb-d981-499c-a486-007192b6ee83;شركه مارفل للمقاولات;02253fea-1d49-454d-ab4d-733a00364f0e;;0504656628;الرياض;العارض;;Abdelrahman Mohamed;;2026-01-27 20:46:17.46616+00;2026-01-30 19:01:47.61968+00;SAL-0141
51fc500a-5892-494b-a93b-6805c50dda3b;شركه ماسه نجد للمقاولات;97d2fe7f-409f-46f8-94cc-6b7b0d699ad6;;0539992222;الرياض;العارض;;Abdelrahman Mohamed;;2026-01-27 20:46:17.46616+00;2026-01-30 19:03:23.875139+00;SAL-0142
d88f75b9-2d8c-4e1b-9e3b-27a62aca14b6;شركه محور الرائد;02253fea-1d49-454d-ab4d-733a00364f0e;حمود الفرج;0503241088;الرياض;العارض;;Abdelrahman Mohamed;;2026-01-27 20:46:17.46616+00;2026-01-30 19:08:41.652229+00;SAL-0143
f9ca592d-6687-4a9e-86db-953befca6356;شركه مختلف المباني للمقاولات;02253fea-1d49-454d-ab4d-733a00364f0e;;0537700021;الرياض;العارض;;Abdelrahman Mohamed;;2026-01-27 20:46:17.46616+00;2026-01-30 19:22:20.796518+00;SAL-0144
f8d17469-7fa3-404e-bf4f-2ea2d6e79abe;مؤسسه الرشيد للمقاولات;49a6e5bf-c5e5-4469-a4bf-2693329a81dd;ابو عبدالله;0557701170;الرياض;العارض;;Abdelrahman Mohamed;;2026-01-27 20:46:17.46616+00;2026-01-30 19:37:26.652549+00;SAL-0154
fc9f62e5-b30c-4466-8e5f-79ecc327f86e;مؤسسه الكفاءات الإنشائية للمقاولات;02253fea-1d49-454d-ab4d-733a00364f0e;محمد عواد;0557855051;الرياض;العارض;;Abdelrahman Mohamed;;2026-01-27 20:46:17.46616+00;2026-01-30 19:35:52.350639+00;SAL-0155
682eacf0-5629-46f9-aa95-30bfdb9776a4;شركة اساس الموقع للمقاولات;97d2fe7f-409f-46f8-94cc-6b7b0d699ad6;ماجد الخضر;0539901095;الرياض;العارض;;Abdelrahman Mohamed;;2026-01-27 20:46:17.46616+00;2026-01-30 14:00:17.152357+00;SAL-0103
5ca2f67d-7901-466d-a717-805bc9395847;شركه ديارنا العربيه;97d2fe7f-409f-46f8-94cc-6b7b0d699ad6;;0553658800;الرياض;العارض;;Abdelrahman Mohamed;;2026-01-27 20:46:17.46616+00;2026-01-30 18:44:07.57186+00;SAL-0132
7fc79cbf-3c97-41af-af84-fd88d305ebdc;شركه ماهر المغامس للتطوير العقاري;49a6e5bf-c5e5-4469-a4bf-2693329a81dd;يوسف;0548401450;;;;Abdelrahman Mohamed;;2026-01-11 16:41:08.908403+00;2026-01-28 19:13:15.356668+00;SAL-0001
f4ef0cc2-f66d-4eb1-9b9a-45298ea0d27c;شركه داماك للتطوير العقاري;49a6e5bf-c5e5-4469-a4bf-2693329a81dd;مصطفي;056 944 9392;;;;Abdelrahman Mohamed;;2026-01-11 16:50:15.499655+00;2026-01-28 19:13:15.356668+00;SAL-0002
9d0af433-2ec6-4635-9c5e-478c5f1b3fac;شركة الحضارة الانشائية للمقاولات;97d2fe7f-409f-46f8-94cc-6b7b0d699ad6;خالد;0504408423;;;;Abdelrahman Mohamed;;2026-01-13 17:47:19.41001+00;2026-01-28 19:13:15.356668+00;SAL-0003
44eb4108-d10b-4f8b-9daa-9c9fc942276b;شركه داريا العربيه المحدوده;97d2fe7f-409f-46f8-94cc-6b7b0d699ad6;م. عدنان;0580493000;;;;Abdelrahman Mohamed;;2026-01-17 10:23:13.831774+00;2026-01-28 19:13:15.356668+00;SAL-0004
a00c76a6-8572-4fec-9f45-fe37547c95e6;شركه بلوكس للتشييد;97d2fe7f-409f-46f8-94cc-6b7b0d699ad6;سيد مشتريات;055 168 0100;;;;Abdelrahman Mohamed;;2026-01-17 10:35:42.539738+00;2026-01-28 19:13:15.356668+00;SAL-0005
3d1c0494-414f-4003-959b-da2b29ba6fc5;مؤسسه الإتقان والقوه للمقاولات;02253fea-1d49-454d-ab4d-733a00364f0e;م. محمد;0554025102;;;;Abdelrahman Mohamed;;2026-01-17 10:40:46.140668+00;2026-01-28 19:13:15.356668+00;SAL-0006
f9601d4c-7bbf-4214-b51d-96445ed8f7d0;مؤسسه معالم نمار للمقاولات;02253fea-1d49-454d-ab4d-733a00364f0e;م. موسي;050 007 2533;;;;Abdelrahman Mohamed;;2026-01-17 10:49:00.192136+00;2026-01-28 19:13:15.356668+00;SAL-0007
c908c2cf-033a-4056-bcd2-dc2291307a4c;شركه طموح المملكه للمقاولات;97d2fe7f-409f-46f8-94cc-6b7b0d699ad6;م. بندر;0550511175;;;;Abdelrahman Mohamed;;2026-01-17 10:55:38.193372+00;2026-01-28 19:13:15.356668+00;SAL-0008
425ea935-204f-432a-bb0b-b70c1b725c92;شركه العمران الحديث للمقاولات;97d2fe7f-409f-46f8-94cc-6b7b0d699ad6;م. خالد;057 035 0335;;;;Abdelrahman Mohamed;;2026-01-17 11:01:49.076519+00;2026-01-28 19:13:15.356668+00;SAL-0009
8812a04c-5e0c-4da6-98b7-68d2f90a89b4;شركه بلدا السعوديه;49a6e5bf-c5e5-4469-a4bf-2693329a81dd;هند الحربي;0559993721;;;;Abdelrahman Mohamed;;2026-01-17 11:09:13.470457+00;2026-01-28 19:13:15.356668+00;SAL-0010
7dfc5123-3e28-437b-bc8a-e96f41e7881b;شركه ماسه نجد;97d2fe7f-409f-46f8-94cc-6b7b0d699ad6;م. محمد دكرور;055 604 0051;;;;Abdelrahman Mohamed;;2026-01-17 11:17:47.363959+00;2026-01-28 19:13:15.356668+00;SAL-0011
56bd1e6c-0747-4772-a044-f79867a8fb49;شركه الديار الخضراء للمقاولات;97d2fe7f-409f-46f8-94cc-6b7b0d699ad6;م. عبدالمجيد;0548111366;;;;Abdelrahman Mohamed;;2026-01-17 11:29:20.636024+00;2026-01-28 19:13:15.356668+00;SAL-0012
f2891238-9543-4902-9d04-fbc4020fe97b;مؤسسه الشهباء للمقاولات;02253fea-1d49-454d-ab4d-733a00364f0e;م. هشام;056 624 0525;;;;Abdelrahman Mohamed;;2026-01-17 11:37:03.433895+00;2026-01-28 19:13:15.356668+00;SAL-0013
9664ac41-9fd5-4d57-8d04-e7233ee878d8;مؤسسه هضاب للمقاولات;02253fea-1d49-454d-ab4d-733a00364f0e;حميد ابو حسين;050 416 5104;;;;Abdelrahman Mohamed;;2026-01-17 15:13:38.490972+00;2026-01-28 19:13:15.356668+00;SAL-0014
c9f1a73e-fb12-4a36-b889-eebefe79cdf5;مؤسسه دانه الرياض للمقاولات;02253fea-1d49-454d-ab4d-733a00364f0e;ابو محمد;055 286 0625;;;;Abdelrahman Mohamed;;2026-01-17 15:17:42.795158+00;2026-01-28 19:13:15.356668+00;SAL-0015
b1aed73b-f2c4-457c-ab2a-7fa5d37a597d;شركه تموج المحدوده;97d2fe7f-409f-46f8-94cc-6b7b0d699ad6;محمد شريف مشتريات;053 189 6664;;;;Abdelrahman Mohamed;;2026-01-17 15:22:55.488664+00;2026-01-28 19:13:15.356668+00;SAL-0016
9ca1870b-efb4-4324-a1a5-8260f8e27b02;شركه كيان الخليج العالميه للمقاولات;02253fea-1d49-454d-ab4d-733a00364f0e;م. سلطان;0500016283;;;;Abdelrahman Mohamed;;2026-01-17 15:29:40.861192+00;2026-01-28 19:13:15.356668+00;SAL-0017
8be37927-cd97-4866-867a-91c37407d3e0;شركه الشمال الجديد للمقاولات;02253fea-1d49-454d-ab4d-733a00364f0e;لم يرد;0500501168;;;;Abdelrahman Mohamed;;2026-01-18 14:22:55.829925+00;2026-01-28 19:13:15.356668+00;SAL-0026
80b86246-aa0b-425e-900b-4988ef18075c;شركه رصف للتطوير العقاري;49a6e5bf-c5e5-4469-a4bf-2693329a81dd;م. زياد;056 579 0082;;;;Abdelrahman Mohamed;;2026-01-18 14:26:27.841352+00;2026-01-28 19:13:15.356668+00;SAL-0027
3a524b67-5823-4356-816c-792272e627d8;مؤسسه ابتكارات ذهبيه للتجاره والمقاولات;02253fea-1d49-454d-ab4d-733a00364f0e;م. عبدالله;0555673209;;;;Abdelrahman Mohamed;;2026-02-21 12:14:08.689922+00;2026-02-21 12:14:08.689922+00;SAL-0174
cca97ab9-3415-40f1-81a9-ced8e321e277;شركة رواسي الشام للمقاولات;02253fea-1d49-454d-ab4d-733a00364f0e;;0506027290;الرياض;العارض;;Abdelrahman Mohamed;;2026-01-27 20:46:17.46616+00;2026-01-30 14:22:56.702063+00;SAL-0107
30e9b3ed-84d2-4fb7-b62b-31a36be9e36d;شركه رياض البوان;97d2fe7f-409f-46f8-94cc-6b7b0d699ad6;احمد خضر;0503706752;الرياض;العارض;;Abdelrahman Mohamed;;2026-01-27 20:46:17.46616+00;2026-01-30 18:51:05.813337+00;SAL-0135
d31b9669-ca26-408e-8a65-1f57488ffff7;شركه افنان عريقه;02253fea-1d49-454d-ab4d-733a00364f0e;ابو زياد;0566159229;;;;Abdelrahman Mohamed;;2026-02-21 12:21:08.25635+00;2026-02-21 12:21:08.25635+00;SAL-0175
5457a306-399b-4de9-bb2c-706e214c9565;شركه إبداع التخصص للمقاولات;02253fea-1d49-454d-ab4d-733a00364f0e;;0569773969;الرياض;العارض;;Abdelrahman Mohamed;;2026-01-27 20:46:17.46616+00;2026-01-30 14:34:57.811+00;SAL-0111
32219a75-0080-426f-9894-92789d7e0768;شركه عاصم الجاسر للتطوير العقاري;49a6e5bf-c5e5-4469-a4bf-2693329a81dd;محمود عنان;0597499046;الرياض;العارض;;Abdelrahman Mohamed;;2026-01-27 20:46:17.46616+00;2026-01-30 18:58:03.584478+00;SAL-0139
5b764f56-42c9-42da-8a3c-c0c80657e703;شركه نقش للاستثمار;49a6e5bf-c5e5-4469-a4bf-2693329a81dd;م. احمدعبدالرحمن;056 628 0827;;;;Abdelrahman Mohamed;;2026-02-21 12:30:06.045453+00;2026-02-21 12:30:06.045453+00;SAL-0176
99ffe716-6d2d-4049-bb55-e18815cd2fb8;شركه بلاد الطبيعه للمقاولات;97d2fe7f-409f-46f8-94cc-6b7b0d699ad6;المهندس علي;0562916722;الرياض;العارض;;Abdelrahman Mohamed;;2026-01-27 20:46:17.46616+00;2026-01-30 14:50:56.826656+00;SAL-0124
983e4a50-a173-4764-a48a-21a9397e03a4;مؤسسه بصمه الكود للمقاولات;02253fea-1d49-454d-ab4d-733a00364f0e;خالد الحربي;0532268888;الرياض;العارض;;Abdelrahman Mohamed;;2026-01-27 20:46:17.46616+00;2026-01-30 19:05:20.718147+00;SAL-0156
a595411d-c064-48d5-a051-8877718c2421;مؤسسه على فيصل القحطاني;02253fea-1d49-454d-ab4d-733a00364f0e;مهندس يوسف;0507174821;الرياض;العارض;;Abdelrahman Mohamed;;2026-01-27 20:46:17.46616+00;2026-01-30 13:32:13.584103+00;SAL-0088
6bb07783-7e10-4d7a-a8fa-2fdc083a97be;شركه بيرل ريزدنس للتطوير العقاري;49a6e5bf-c5e5-4469-a4bf-2693329a81dd;;0594421235;الرياض;العارض;;Abdelrahman Mohamed;;2026-01-27 20:46:17.46616+00;2026-01-30 17:58:13.26915+00;SAL-0126
e822134a-92d7-4e5f-b944-2b45bc0545f0;شركه هيكل التشييد للمقاولات;02253fea-1d49-454d-ab4d-733a00364f0e;لم يرد;058 090 0044;;;;Abdelrahman Mohamed;;2026-02-21 12:02:53.661098+00;2026-02-21 12:02:53.661098+00;SAL-0172
c734a349-e886-4be1-8693-4c0c6e5cfa84;شركه متين للتطوير العقاري;97d2fe7f-409f-46f8-94cc-6b7b0d699ad6;م. اسلام;0509940680;;;;Abdelrahman Mohamed;;2026-01-17 15:34:22.690395+00;2026-01-28 19:13:15.356668+00;SAL-0018
e18e2bd3-e376-47a6-b833-aea933388ff8;مؤسسه سعود الفقيه للمقاولات;97d2fe7f-409f-46f8-94cc-6b7b0d699ad6;م. محفوظ;058 018 6832;;;;Abdelrahman Mohamed;;2026-01-17 15:37:23.182779+00;2026-01-28 19:13:15.356668+00;SAL-0019
e9c960a6-55a9-447f-9993-3589568f2e59;مؤسسه قمه الإنجاز العالميه للمقاولات;02253fea-1d49-454d-ab4d-733a00364f0e;م;0530191917;;;;Abdelrahman Mohamed;;2026-01-17 15:43:24.856266+00;2026-01-28 19:13:15.356668+00;SAL-0020
88d23f84-9417-4b44-b47a-00a6858594a8;ابو عبدالله الغامدي;c7a5e0cd-9d76-4dff-85c2-6888f08373b8;ابو عبدالله;056 614 5193;;;;Abdelrahman Mohamed;;2026-01-17 15:47:13.69999+00;2026-01-28 19:13:15.356668+00;SAL-0021
8e96b064-6fdc-4e6b-9c8e-4cd8db13a8c2;أسس البرج المتين;02253fea-1d49-454d-ab4d-733a00364f0e;م. عبدالرحمن;055 663 9106;;;;Abdelrahman Mohamed;;2026-01-17 15:51:29.321702+00;2026-01-28 19:13:15.356668+00;SAL-0022
bfd19a43-6518-4f6a-94c8-2dbe760ff01e;مؤسسه أحمد سعيدان ال سالم للمقاولات;02253fea-1d49-454d-ab4d-733a00364f0e;لم يرد;055 672 2865;;;;Abdelrahman Mohamed;;2026-01-18 14:10:54.284897+00;2026-01-28 19:13:15.356668+00;SAL-0023
f8d1c1ae-e958-4689-8e6b-7a3b2f8417ff;مؤسسه موارد الغرب للمقاولات العامه;02253fea-1d49-454d-ab4d-733a00364f0e;تركي الغامدي;0554733312;;;;Abdelrahman Mohamed;;2026-01-18 14:15:13.186672+00;2026-01-28 19:13:15.356668+00;SAL-0024
0da94034-d5c2-44d1-9817-c0924875d8de;مؤسسه العقل للمقاولات;02253fea-1d49-454d-ab4d-733a00364f0e;ابو فارس;0501451451;;;;Abdelrahman Mohamed;;2026-01-18 14:18:48.176316+00;2026-01-28 19:13:15.356668+00;SAL-0025
089f4062-68af-4f7a-998e-5b85e5a6eb13;شركه شعلان للمقاولات;97d2fe7f-409f-46f8-94cc-6b7b0d699ad6;مجبور المشرف;058 129 9454;;;;Abdelrahman Mohamed;;2026-01-18 14:30:26.887856+00;2026-01-28 19:13:15.356668+00;SAL-0028
c942fbb3-9c80-4269-8197-023978294af6;شركه العماره المميزه للمقاولات;97d2fe7f-409f-46f8-94cc-6b7b0d699ad6;م. نشوان;053 090 3756;;;;Abdelrahman Mohamed;;2026-01-18 14:35:35.826152+00;2026-01-28 19:13:15.356668+00;SAL-0029
4557b3c7-b7f1-476e-b157-cf9127a12fe7;شركه ربوع الاتحاد للمقاولات;97d2fe7f-409f-46f8-94cc-6b7b0d699ad6;م. محمد;054 515 5264;;;;Abdelrahman Mohamed;;2026-01-18 14:39:21.323154+00;2026-01-28 19:13:15.356668+00;SAL-0030
4994a069-0b5a-4a39-b46a-b41aedb40818;شركه نساك للمقاولات;02253fea-1d49-454d-ab4d-733a00364f0e;ابو طارق;053 579 8953;;;;Abdelrahman Mohamed;;2026-01-18 14:43:04.727648+00;2026-01-28 19:13:15.356668+00;SAL-0031
13ddabff-eeb8-403d-ba8b-2a4a92f4c892;شركه بناء وإبداع للمقاولات;97d2fe7f-409f-46f8-94cc-6b7b0d699ad6;م. حمدي;054 814 7078;;;;Abdelrahman Mohamed;;2026-01-18 14:47:13.45308+00;2026-01-28 19:13:15.356668+00;SAL-0032
f84b1fb5-9c66-4a2f-be25-62f1ee688190;شركه ماد العقاريه;49a6e5bf-c5e5-4469-a4bf-2693329a81dd;م. محمود;053 310 1450;;;;Abdelrahman Mohamed;;2026-01-18 16:56:21.288303+00;2026-01-28 19:13:15.356668+00;SAL-0033
628121f3-07c8-4ed7-b290-1933045720be;شركه معيار للمقاولات;02253fea-1d49-454d-ab4d-733a00364f0e;لم يرد;058 056 6180;;;;Abdelrahman Mohamed;;2026-01-18 17:02:03.972173+00;2026-01-28 19:13:15.356668+00;SAL-0034
30fa78c8-40c9-487f-9b61-67f914ec5537;مؤسسه دار الريان للتطوير العقاري;02253fea-1d49-454d-ab4d-733a00364f0e;لم يرد;050 054 3234;;;;Abdelrahman Mohamed;;2026-01-18 17:06:17.335564+00;2026-01-28 19:13:15.356668+00;SAL-0035
de914e73-ec80-4c20-99fe-5cd398cff760;شموخ التعاون للتجاره;02253fea-1d49-454d-ab4d-733a00364f0e;ابو حسان حارس;059 738 1713;;;;Abdelrahman Mohamed;;2026-01-18 17:11:09.025434+00;2026-01-28 19:13:15.356668+00;SAL-0036
b8fa75f9-6486-4d03-89fe-0775a36c27e7;شركه التنفيذ المميز للمقاولات;97d2fe7f-409f-46f8-94cc-6b7b0d699ad6;ابو أيهم مشرف;050 292 2659;;;;Abdelrahman Mohamed;;2026-01-18 17:16:51.043004+00;2026-01-28 19:13:15.356668+00;SAL-0037
d3c6e77d-0949-4113-9a94-9a196217aa4f;شركه تحالف الجزيره للمقاولات;02253fea-1d49-454d-ab4d-733a00364f0e;محمد عبيد;055 695 8323;;;;Abdelrahman Mohamed;;2026-01-18 17:29:14.728055+00;2026-01-28 19:13:15.356668+00;SAL-0038
023e5d67-c639-4685-af52-fdf23fe47a4c;مؤسسه جيت ماجنوس للمقاولات;02253fea-1d49-454d-ab4d-733a00364f0e;م. ايمن;055 244 2515;;;;Abdelrahman Mohamed;;2026-01-18 17:33:32.327269+00;2026-01-28 19:13:15.356668+00;SAL-0039
96149e2c-7d4a-4fef-bff7-000115bb7cc3;شركه مباني ارك للمقاولات;97d2fe7f-409f-46f8-94cc-6b7b0d699ad6;م. رامي;059 111 5526;;;;Abdelrahman Mohamed;;2026-01-18 17:44:55.827431+00;2026-01-28 19:13:15.356668+00;SAL-0040
768bc8f1-e274-487b-b579-e50127aba468;مؤسسه افال للمقاولات;02253fea-1d49-454d-ab4d-733a00364f0e;صالح غريب مشرف;055 119 2925;;;;Abdelrahman Mohamed;;2026-01-18 17:49:44.282276+00;2026-01-28 19:13:15.356668+00;SAL-0041
dbb319cf-1114-4bb5-8997-669ae6adbd86;مؤسسه منيفه عبدالله للمقاولات العامه;02253fea-1d49-454d-ab4d-733a00364f0e;لم يرد;053 014 5277;;;;Abdelrahman Mohamed;;2026-01-18 17:53:58.796539+00;2026-01-28 19:13:15.356668+00;SAL-0042
e8bba952-bcf3-4d38-a19f-9379a562c617;شركه القطر المهنيه للمقاولات;02253fea-1d49-454d-ab4d-733a00364f0e;م. هشام;056 644 5804;;;;Abdelrahman Mohamed;;2026-01-19 16:02:43.402326+00;2026-01-28 19:13:15.356668+00;SAL-0043
f5538f6d-8d80-4465-bafb-aca65f880768;شركه مشاريع الثريا العقاريه;97d2fe7f-409f-46f8-94cc-6b7b0d699ad6;لم يرد;0558038666;;;;Abdelrahman Mohamed;;2026-01-19 16:10:16.985805+00;2026-01-28 19:13:15.356668+00;SAL-0044
63fb3c17-702f-4452-9fcd-aaf1186c4359;شركه رواد الاختيار للمقاولات;02253fea-1d49-454d-ab4d-733a00364f0e;محمود ابراهيم;056 783 1899;;;;Abdelrahman Mohamed;;2026-01-28 18:56:56.154566+00;2026-01-28 19:13:15.356668+00;SAL-0168
0e97e1b8-60b6-4609-a356-a2639bceecee;شركه ابنيه للمقاولات;02253fea-1d49-454d-ab4d-733a00364f0e;لم يرد;0503385419;;;;Abdelrahman Mohamed;;2026-01-28 18:59:58.822815+00;2026-01-28 19:13:15.356668+00;SAL-0169
4390ab4a-a91f-4763-8ca1-97888275d91e;شركه الخيار الأفضل للمقاولات;97d2fe7f-409f-46f8-94cc-6b7b0d699ad6;محمد عارف;055 430 3703;;;;Abdelrahman Mohamed;;2026-01-28 19:04:00.506154+00;2026-01-28 19:13:15.356668+00;SAL-0170
65781e17-8c7a-44db-a428-27aa425a0930;شركه الحجاج للمقاولات;97d2fe7f-409f-46f8-94cc-6b7b0d699ad6;م. اسلام;054 715 6164;;;;Abdelrahman Mohamed;;2026-01-28 19:08:19.880639+00;2026-01-28 19:13:15.356668+00;SAL-0171
3b57987b-d939-49e8-991a-0738fa944030;شركه بيت الكيان للمقاولات;02253fea-1d49-454d-ab4d-733a00364f0e;;0554081816;الرياض;العارض;;Abdelrahman Mohamed;;2026-01-27 20:46:17.46616+00;2026-01-30 18:15:40.106828+00;SAL-0125
87882c57-a675-4b4d-88fb-fd78bf7bb773;شركه متمم للمقاولات;97d2fe7f-409f-46f8-94cc-6b7b0d699ad6;لم يرد;0558045618;;;;Abdelrahman Mohamed;;2026-02-21 12:07:02.693414+00;2026-02-21 12:07:02.693414+00;SAL-0173