id;project_id;client_id;name;stage;interest_level;expected_value;expected_close_date;is_closed;won;closed_at;assigned_to;notes;created_at;updated_at;is_deal;deal_id;is_locked;converted_to_deal_at;in_pipeline;opportunity_code
51b22a20-f51f-49c2-b0e0-f52a5c9869d6;2b1ed894-4534-407c-b6ee-f36794ef5d29;f0255b9b-85dc-4620-920c-0afeb6aff25b;Opportunity 01;RFP;Medium;;;false;;;;Material Category: بلوك;2026-01-29 16:11:58.252725+00;2026-01-29 16:11:58.252725+00;false;;false;;true;SAL-0086-001-001
610c05ea-122d-4ad3-828a-43cbd2793095;180ceb66-8a2d-4e4b-b70c-93ccaafcc30f;c810beeb-522c-497e-9064-d18c92de5f43;Opportunity 01;RFP;High;;;false;;;;Material Category: بلوك;2026-01-30 13:26:21.919207+00;2026-01-30 13:26:21.919207+00;false;;false;;true;SAL-0093-001-001
55301e6c-4173-400d-9aac-ffedee39388c;047e6d0f-c891-40d7-b455-5e1d4fe72d1f;b1ab4935-369c-4502-b2d4-bd946379be3b;Opportunity 01;RFP;Not interested;;;false;;;;"Material Category: بلوك
Objection: Price too high";2026-01-30 13:38:07.503892+00;2026-01-30 13:38:07.503892+00;false;;false;;false;SAL-0161-001-001
bee30c85-7147-4b64-be60-2b907af78c9d;24827b53-e102-4a7a-9346-eb72bffcfe42;9664ac41-9fd5-4d57-8d04-e7233ee878d8;Opportunity 01;RFP;High;;;false;;;;Material Category: بلوك;2026-01-17 15:15:00.851458+00;2026-01-28 19:13:15.356668+00;false;;false;;true;SAL-0014-001-001
edea6a2d-a6bf-48e9-91e4-ad1c17713219;2bd3b925-a88c-4895-8160-cbb0beb58650;87b0c9d2-2653-494c-adbe-3ae8e06a38af;Opportunity 01;Discovery;Medium;;;false;;;;Material Category: بلوك;2026-01-19 17:45:36.911466+00;2026-01-28 19:13:15.356668+00;false;;false;;true;SAL-0053-001-001
a261e85a-a20a-4a0a-b0c5-86392babb38d;2d8e4005-99ef-4478-99dd-9a89178f95cb;628121f3-07c8-4ed7-b290-1933045720be;Opportunity 01;Discovery;Medium;;;false;;;;Material Category: بلوك;2026-01-18 17:03:12.681973+00;2026-01-28 19:13:15.356668+00;false;;false;;true;SAL-0034-001-001
106f82c2-4063-4a6d-8bc4-ae1ed91110ad;2df00232-8acd-401a-ad27-8611997bd695;023e5d67-c639-4685-af52-fdf23fe47a4c;Opportunity 01;Discovery;High;;;false;;;;Material Category: بلوك;2026-01-18 17:36:19.980136+00;2026-01-28 19:13:15.356668+00;false;;false;;true;SAL-0039-001-001
2715d53a-9601-45f5-8a1e-e38c5030de6c;3484988f-e44f-4d55-8c41-c405849b18d7;4390ab4a-a91f-4763-8ca1-97888275d91e;Opportunity 01;RFP;High;;;false;;;;Material Category: بوك ;2026-01-28 19:05:01.862834+00;2026-01-28 19:13:15.356668+00;false;;false;;true;SAL-0170-001-001
f490dc82-b908-40d7-8e12-df263fa2d7b2;36544908-d4b5-466b-9abd-b4d9348f3964;b0a17b50-8169-4ec2-a60f-e8a7a18aed45;Opportunity 01;Discovery;Medium;;;false;;;;Material Category: بلوك;2026-01-19 16:21:03.136098+00;2026-01-28 19:13:15.356668+00;false;;false;;true;SAL-0046-001-001
0ad3e80a-7239-48c2-b212-8294a90009ca;39dc1791-6971-4420-b23d-3f5cb177ca5e;0d8a3b7b-5444-41c6-b7ba-c3c6c555b872;Opportunity 01;Discovery;Low;;;false;;;;Material Category: بلوك;2026-01-28 18:47:17.89083+00;2026-01-28 19:13:15.356668+00;false;;false;;true;SAL-0165-001-001
8f43073d-c977-4248-8684-a0832e9a0298;505492d0-fdf9-487d-9621-d649fde49103;f2891238-9543-4902-9d04-fbc4020fe97b;Opportunity 01;RFP;Medium;;;false;;;;Material Category: بلوك;2026-01-17 15:09:41.189872+00;2026-01-28 19:13:15.356668+00;false;;false;;true;SAL-0013-001-001
a48939c4-fccf-4dd8-849d-4f2bfbf79e70;514844a9-9c09-4919-a917-5912b32e99c1;eff7c402-7699-4854-8f45-8dd1602e78a9;Opportunity 01;Discovery;Low;;;false;;;;Material Category: بلوك;2026-01-28 18:36:20.158973+00;2026-01-28 19:13:15.356668+00;false;;false;;true;SAL-0163-001-001
6494779e-661e-44c1-b9aa-1af015d7f804;59b4fd21-ff41-497e-b619-9025bbdbe66c;9fb9257b-a0eb-4642-ab73-06244d4f7d64;Opportunity 01;Discovery;Medium;;;false;;;;Material Category: بلوك;2026-01-19 17:54:27.671916+00;2026-01-28 19:13:15.356668+00;false;;false;;true;SAL-0055-001-001
e6c6e3ad-30a7-41db-8e95-2e77b2144502;5af63300-63c2-43d3-91f2-864cc5f9855e;425ea935-204f-432a-bb0b-b70c1b725c92;Opportunity 01;RFP;Medium;;;false;;;;Material Category: بلوك اسمنتي وبخاري وبركاني;2026-01-17 11:03:47.629552+00;2026-01-28 19:13:15.356668+00;false;;false;;true;SAL-0009-001-001
dc0a4053-6aca-48d6-9fb1-67987030aed5;5f2b2883-882c-48a3-a7ba-8d50141cdd60;c9f1a73e-fb12-4a36-b889-eebefe79cdf5;Opportunity 01;RFP;Medium;;;false;;;;Material Category: بلوك;2026-01-17 15:19:36.420055+00;2026-01-28 19:13:15.356668+00;false;;false;;true;SAL-0015-001-001
17a4c1ec-eaca-4955-a569-98f2d839e000;67be1b59-61ac-4067-b5f1-da6f614fb207;d7f3c221-64f8-4180-805f-c30db8a5b345;Opportunity 01;Discovery;Low;;;false;;;;Material Category: بلوك;2026-01-27 17:25:27.890496+00;2026-01-28 19:13:15.356668+00;false;;false;;true;SAL-0078-001-001
e996e5c9-3fcf-49c7-ad3a-1723f3a2fd67;68a1bdf3-d7a5-4de0-b65e-792911864bbd;a00c76a6-8572-4fec-9f45-fe37547c95e6;Opportunity 01;RFP;Medium;;;false;;;;Material Category: بلوك;2026-01-17 10:37:31.608095+00;2026-01-28 19:13:15.356668+00;false;;false;;true;SAL-0005-001-001
fb831a96-a390-470d-abfe-7538df535085;6b9bd8d2-64ed-44e2-99a0-083a0091dd05;c91bfd91-9e6d-4a4f-b044-5b0bcaebaecb;Opportunity 01;Discovery;Medium;;;false;;;;Material Category: بلوك;2026-01-19 16:25:19.299283+00;2026-01-28 19:13:15.356668+00;false;;false;;true;SAL-0047-001-001
1b563e82-ec36-4b76-9341-6ec68484c58a;6d1021ba-8b45-4edb-a0b5-2e8d9d2f30d0;a5510102-565e-4696-a7c4-87aa1d7d0a07;Opportunity 01;Discovery;Low;;;false;;;;Material Category: بلوك;2026-01-27 17:01:13.289807+00;2026-01-28 19:13:15.356668+00;false;;false;;true;SAL-0077-001-001
3ef335d5-53c2-4f92-a983-ec752a443a18;6dec964d-5cc6-45a5-b816-6aaf4f2f97e4;34679170-5dec-4c99-8eeb-77a46491093f;Opportunity 01;Discovery;Medium;;;false;;;;Material Category: بلوك;2026-01-28 18:51:44.319639+00;2026-01-28 19:13:15.356668+00;false;;false;;true;SAL-0166-001-001
fff6ded5-278c-45d2-bfe7-69b4f435e9b5;712ba811-e15b-449b-aad1-dcb6dc8d06db;ae562b5f-7eac-4c11-b52a-e4e2c3e930cf;Opportunity 01;RFP;High;;;false;;;;Material Category: بلوك بركاني;2026-01-27 17:33:07.602631+00;2026-01-28 19:13:15.356668+00;false;;false;;true;SAL-0080-001-001
7a0d0162-1b9b-434d-8341-921e3ee06f84;771eeec0-704c-426e-95a1-f290d7813c1b;13ddabff-eeb8-403d-ba8b-2a4a92f4c892;Opportunity 01;Discovery;Medium;;;false;;;;Material Category: بلوك;2026-01-18 14:51:20.589695+00;2026-01-28 19:13:15.356668+00;false;;false;;true;SAL-0032-001-001
b4a36fbd-5ca9-4736-ba3b-06ee90fedf90;77ef1abc-c40f-4d9c-8607-95d2d21fb18d;33eea4ab-1512-44ea-bf1e-ec39a6f98dc2;Opportunity 01;Discovery;Medium;;;false;;;;Material Category: بلوك;2026-01-22 17:44:18.913114+00;2026-01-28 19:13:15.356668+00;false;;false;;true;SAL-0072-001-001
07726e9e-4fdf-48f4-9f57-6db552f95fab;780ada99-985f-4d16-9bc2-cae2738b7385;4a15869b-69b0-40e0-8761-d0f752c9db76;Opportunity 01;Discovery;Low;;;false;;;;Material Category: بلوك;2026-01-22 17:08:30.03946+00;2026-01-28 19:13:15.356668+00;false;;false;;true;SAL-0067-001-001
c7c7be09-5f02-4853-82c0-25623316d96c;789f84c1-962e-4247-b9d0-f5cc595cd965;ddfffc2d-98c4-4d01-973d-a9ac203c86f5;Opportunity 01;RFP;High;;;false;;;;Material Category: بلوك بركاني;2026-01-27 18:08:57.512294+00;2026-01-28 19:13:15.356668+00;false;;false;;true;SAL-0083-001-001
359e3db8-28ae-4560-81bb-fde08f1e736f;7e6e165d-ed25-425c-94e3-286e3bb47ed9;dbb319cf-1114-4bb5-8997-669ae6adbd86;Opportunity 01;Discovery;Low;;;false;;;;Material Category: بلوك;2026-01-18 17:55:14.948751+00;2026-01-28 19:13:15.356668+00;false;;false;;true;SAL-0042-001-001
52ea1946-bb9b-4c23-9799-cbf239f7f7d2;82a2af0f-c024-4c1a-8a94-d1528b3f24e7;d9e9386d-c185-4385-8f8f-e7cecad7a4a8;Opportunity 01;Discovery;Low;;;false;;;;Material Category: بلوك;2026-01-22 16:54:45.128829+00;2026-01-28 19:13:15.356668+00;false;;false;;true;SAL-0064-001-001
9044600a-001d-4604-b5b9-42f961ad1cad;8409d3e4-aabb-4d3f-bfcd-ad4201795105;5ca159bb-2d55-4dae-a1a8-666a4017a376;Opportunity 01;Discovery;Not interested;;;false;;;;"Material Category: بلوك
Objection: Other: لا يحتاج موردين ولا يتعامل مع موردين ";2026-01-22 17:13:19.014583+00;2026-01-28 19:13:15.356668+00;false;;false;;false;SAL-0068-001-001
69b77010-6644-4328-9cdf-4fe6f1113616;8afccef7-e871-4c30-8967-ea1632fd0f97;ebf8900c-1e66-4010-af7f-1286e577b9d3;Opportunity 01;Discovery;Low;;;false;;;;Material Category: بلوك;2026-01-22 16:45:06.916049+00;2026-01-28 19:13:15.356668+00;false;;false;;true;SAL-0061-001-001
4e7fd106-c372-4825-a8fe-b015d437255a;4c488d5b-0bfa-4543-aefb-b07965ac25e3;e8bba952-bcf3-4d38-a19f-9379a562c617;Opportunity 01;Discovery;Not interested;;;false;;;;Material Category: بلوك;2026-01-19 16:05:34.068005+00;2026-02-10 09:50:51.420885+00;false;;false;;false;SAL-0043-001-001
ea4db927-5973-4cf9-867d-e866fd425d6e;6c2a04b7-bd31-4dfb-8f77-e0c9b2e188dd;30fa78c8-40c9-487f-9b61-67f914ec5537;Opportunity 01;Discovery;Not interested;;;false;;;;Material Category: بلوك;2026-01-18 17:07:58.644005+00;2026-02-10 09:55:19.946071+00;false;;false;;false;SAL-0035-001-001
eb149622-12ab-4582-9e8d-969a1efc121a;42bc2df9-5be4-4ce7-9f1d-4296aedd1924;bfd19a43-6518-4f6a-94c8-2dbe760ff01e;Opportunity 01;Discovery;Not interested;;;false;;;;Material Category: بلوك;2026-01-18 14:12:14.707218+00;2026-02-10 10:00:35.227368+00;false;;false;;false;SAL-0023-001-001
9f02cc75-c164-49fd-a547-065e8cd74d26;5829df37-95bb-4e52-8745-a486e5048439;8be37927-cd97-4866-867a-91c37407d3e0;Opportunity 01;Discovery;Not interested;;;false;;;;Material Category: بلوك;2026-01-18 14:24:10.538835+00;2026-02-10 10:04:36.462484+00;false;;false;;false;SAL-0026-001-001
d213ce14-2659-4f96-8863-bbd89ef2098a;6075aec1-552a-45cf-8889-4c312cd8f12b;f5538f6d-8d80-4465-bafb-aca65f880768;Opportunity 01;Discovery;Not interested;;;false;;;;Material Category: بلوك;2026-01-19 16:11:23.781141+00;2026-02-10 10:22:51.302631+00;false;;false;;false;SAL-0044-001-001
5e0d6ad9-aafc-41b0-8f89-661dc9065c4a;7684e2e5-893a-4bc7-8b88-5e7f92461344;2f9d2700-2654-4b04-901c-09bbd915be2c;Opportunity 01;Discovery;Not interested;;;false;;;;Material Category: بلوك;2026-01-22 17:22:03.710492+00;2026-02-10 10:54:37.519647+00;false;;false;;false;SAL-0070-001-001
f19b8491-6639-48ed-86e5-62b758f58738;64dc4bd2-ede4-434b-8ed3-4075c1889914;3d1c0494-414f-4003-959b-da2b29ba6fc5;Opportunity 01;RFP;Not interested;;;false;;;;Material Category: بلوك;2026-01-17 10:42:02.98691+00;2026-02-10 11:11:08.798253+00;false;;false;;false;SAL-0006-001-001
f9e7393d-8db9-4ebf-8dc3-a72aadd359d1;33b627ac-d076-42f1-9699-6c3b15ee0068;2288bd22-ff46-4f4c-9129-cac8f4ee22f0;Opportunity 01;Discovery;Not interested;;;false;;;;Material Category: بلوك;2026-01-27 17:35:51.498755+00;2026-02-16 12:15:37.888572+00;false;;false;;false;SAL-0081-001-001
ab93e916-cc43-4962-9baa-0f7a3c53fa33;2f8e223f-5642-4543-9b83-4dc3645345db;2bf3c67c-06e3-474a-b311-e56db624e066;Opportunity 01;Discovery;Not interested;;;false;;;;Material Category: بلوك;2026-01-22 17:46:48.384713+00;2026-02-16 12:21:09.428517+00;false;;false;;false;SAL-0073-001-001
397fdcd4-a368-4d91-bb94-05cbe0cca9ef;245f5a2b-d589-4a86-bbfb-e1ced674ef5f;5ac3801c-c10b-4b75-b6c4-1ce10714a0c2;Opportunity 01;Discovery;Not interested;;;false;;;;Material Category: بلوك;2026-01-27 18:15:26.006319+00;2026-02-17 11:18:05.839263+00;false;;false;;false;SAL-0085-001-001
b1ec910d-bcde-44c1-9796-a115c52e3a36;7a512fa1-12ef-4f43-80e0-fc96f5b4b569;eb5ee413-1780-4cd8-b108-78f61740a294;Opportunity 01;Discovery;High;;;false;;;;Material Category: بلوك;2026-01-19 16:32:47.429546+00;2026-02-17 12:07:32.206706+00;false;;false;;true;SAL-0049-001-001
b0f21912-af04-4c27-9252-98728f0c38ec;75251252-54ba-4b82-a44d-fffd984207bc;88d23f84-9417-4b44-b47a-00a6858594a8;Opportunity 01;Discovery;Not interested;;;false;;;;Material Category: بلوك;2026-01-17 15:48:40.142668+00;2026-02-18 20:32:32.929014+00;false;;false;;false;SAL-0021-001-001
42afc094-eab2-4788-b135-d542c5958884;a216411a-7fab-4457-94fc-a76760e447aa;9f6f7a2e-258a-4b42-8b06-c7b5467002f2;Opportunity 01;RFP;Low;;;false;;;;Material Category: بلوك;2026-01-30 13:13:57.082282+00;2026-01-30 13:13:57.082282+00;false;;false;;true;SAL-0089-001-001
dbdfd4ec-9b55-4f1a-878a-abd6d950fb30;ff22b6fa-0fde-425e-97bd-ee9a7ccfa02c;d198de81-42c4-4196-a984-60a1cc957af3;Opportunity 01;RFP;Not interested;;;false;;;;"Material Category: بلوك
Objection: Not interested / No need now";2026-01-30 13:29:09.452177+00;2026-01-30 13:29:09.452177+00;false;;false;;false;SAL-0094-001-001
3e6761c1-d207-42cf-ab7f-6fff41e2b8b2;f54fbdb5-cfae-43cb-b272-53b9c06dd2ae;745a8c98-d9a0-4eb2-8b2b-d4ab06118476;Opportunity 01;RFP;Not interested;;;false;;;;"Material Category: بلوك
Objection: Not interested / No need now";2026-01-30 13:40:08.469189+00;2026-01-30 13:40:08.469189+00;false;;false;;false;SAL-0095-001-001
7520ba90-6023-4453-b9a7-1f23eb3d12d3;ed78513f-3aec-4b9a-8054-d9db33f39e0e;3962a0f2-9b46-4628-ab39-c1e646b92b3f;Opportunity 01;RFP;Low;;;false;;;;Material Category: بلوك;2026-01-30 13:50:38.478203+00;2026-01-30 13:50:38.478203+00;false;;false;;true;SAL-0099-001-001
074935bf-7f37-451e-9b83-c63e0352d7bc;0231161f-4bb2-410d-ba3b-dddd9e53d03e;379aaa06-9904-48f1-9085-da6750a04860;Opportunity 01;Discovery;Medium;;;false;;;;Material Category: بلوك;2026-01-28 18:41:10.990038+00;2026-01-28 19:13:15.356668+00;false;;false;;true;SAL-0164-001-001
5bfa4f8e-bfb9-4516-8187-0982371eb500;08ea8aa3-d7e7-41e1-bfe9-8cce64b49441;7fc79cbf-3c97-41af-af84-fd88d305ebdc;Opportunity 01;Discovery;Low;;;false;;;;Material Category: بلوك;2026-01-11 16:43:59.322313+00;2026-01-28 19:13:15.356668+00;false;;false;;true;SAL-0001-001-001
04280ba0-3d1b-47ab-be74-ef003976b901;2eeda564-bd19-4ef6-ad4c-33880308681c;9d0af433-2ec6-4635-9c5e-478c5f1b3fac;Opportunity 01;Discovery;Medium;;;false;;;;Material Category: البلوك البخاري;2026-01-13 17:51:26.618986+00;2026-01-28 19:13:15.356668+00;false;;false;;true;SAL-0003-001-001
c9e6a98e-ec6f-47d6-9ab1-adbab8625e23;785ad08c-296f-4f92-9635-90ff39f581a5;d3c6e77d-0949-4113-9a94-9a196217aa4f;Opportunity 01;Discovery;Low;;;false;;;;Material Category: بلوك;2026-01-18 17:30:36.036729+00;2026-01-28 19:13:15.356668+00;false;;false;;true;SAL-0038-001-001
bf952df8-5b22-49cb-bce1-4ca24828171f;796dd843-c9f5-46fe-bb66-fc30b4094279;63fb3c17-702f-4452-9fcd-aaf1186c4359;Opportunity 01;Discovery;Low;;;false;;;;Material Category: بلوك;2026-01-28 18:57:58.288719+00;2026-01-28 19:13:15.356668+00;false;;false;;true;SAL-0168-001-001
ef7afd7b-a456-4423-949f-d7ecda83247f;8ca0a5ec-8cb4-4dc6-93e7-eb61aa4bf10a;9e1d30fa-74a2-4761-b7d0-e6bd15af922e;Opportunity 01;Discovery;Low;;;false;;;;Material Category: بلوك;2026-01-22 17:57:15.195188+00;2026-01-28 19:13:15.356668+00;false;;false;;true;SAL-0076-001-001
0ef6aac1-56f0-4511-8a0c-af459af6a5e8;8e14e35c-9034-4ea0-aeaa-27d100f838bf;a8edf175-722e-4f7f-86c3-7dc417323e61;Opportunity 01;Discovery;Low;;;false;;;;Material Category: بلوك;2026-01-22 16:48:30.122764+00;2026-01-28 19:13:15.356668+00;false;;false;;true;SAL-0062-001-001
a187931d-8638-4d06-be43-8f55f774f802;98e9e304-9976-491e-a28b-f5953489d759;238dcfbf-60e6-4891-a4f7-8b9b9724d770;Opportunity 01;Discovery;Medium;;;false;;;;Material Category: بلوك;2026-01-28 18:54:45.357759+00;2026-01-28 19:13:15.356668+00;false;;false;;true;SAL-0167-001-001
a2bb3391-675a-498b-961c-9f84ddbbce09;9c4c9a51-df5f-4b87-ab2b-2f411a3fd8a4;e7291b26-ca59-4951-bd40-db7a7bced577;Opportunity 01;Discovery;Medium;;;false;;;;Material Category: بلوك;2026-01-22 17:17:13.2703+00;2026-01-28 19:13:15.356668+00;false;;false;;true;SAL-0069-001-001
d16e1b64-554e-4e49-9835-16a019f4970e;9df29698-e690-4116-895a-bd0a6072e126;f84b1fb5-9c66-4a2f-be25-62f1ee688190;Opportunity 01;Closed Lost;Not interested;;;false;;;;"Material Category: بلوك
Objection: Other: المالك عنده موردين للمشاريع";2026-01-18 16:59:28.394481+00;2026-01-28 19:13:15.356668+00;false;;false;;false;SAL-0033-001-001
8ca30527-5004-4517-92d3-d4db9c951414;9ebf5bb9-0a6f-4496-a570-188dfd0a1a90;44eb4108-d10b-4f8b-9daa-9c9fc942276b;Opportunity 01;Discovery;Low;;;false;;;;Material Category: بلوك;2026-01-17 10:25:00.988274+00;2026-01-28 19:13:15.356668+00;false;;false;;true;SAL-0004-001-001
f67a14d7-07d3-4fd4-89df-9eb29a99e7b2;a0975d1a-da27-4d80-922e-4e3aea8edddd;f057119a-da40-46fd-b277-d4a8a751af56;Opportunity 01;Discovery;Low;;;false;;;;Material Category: بلوك;2026-01-22 16:56:56.86686+00;2026-01-28 19:13:15.356668+00;false;;false;;true;SAL-0065-001-001
efbdf474-e4c4-44af-88a4-a725cc75ba5d;a25db460-0818-49c2-b768-63b06ee48e44;ccaac7c9-5cc7-41fb-94ab-af853d1704a2;Opportunity 01;Discovery;Low;;;false;;;;Material Category: بلوك;2026-01-19 17:50:00.907441+00;2026-01-28 19:13:15.356668+00;false;;false;;true;SAL-0054-001-001
6888aa14-86ff-4b4f-84ca-50672600e6f3;a335d97b-f4e4-4a0d-8ef7-a82504991ef6;0da94034-d5c2-44d1-9817-c0924875d8de;Opportunity 01;Discovery;Low;;;false;;;;Material Category: بلوك ;2026-01-18 14:20:08.757034+00;2026-01-28 19:13:15.356668+00;false;;false;;true;SAL-0025-001-001
72971550-03d1-45d5-8037-5a701930ccbe;a4c58dd0-e592-49ce-abcb-8d640029ef1d;5caf2d04-8197-4184-81e5-50ca58ddf496;Opportunity 01;Discovery;Low;;;false;;;;Material Category: بلوك;2026-01-22 15:48:29.769077+00;2026-01-28 19:13:15.356668+00;false;;false;;true;SAL-0057-001-001
e326cd41-e559-4106-880c-dec5efeb3da6;ab003c94-c5f5-4e52-8f1d-0284b5a4f860;d7f1437f-9c96-42d9-a38f-0a662ab6a070;Opportunity 01;Discovery;High;;;false;;;;Material Category: بلوك;2026-01-22 16:38:49.253121+00;2026-01-28 19:13:15.356668+00;false;;false;;true;SAL-0060-001-001
8a5dd293-0695-40b8-b9ae-2b25d2d05858;abc1b65b-afbd-4919-b431-7a187e882665;f7b80199-fd74-4bf6-84d6-465c85766f94;Opportunity 01;Discovery;Low;;;false;;;;Material Category: بلوك;2026-01-27 17:29:45.733932+00;2026-01-28 19:13:15.356668+00;false;;false;;true;SAL-0079-001-001
5019c3f0-aed8-46fe-b55d-b74daa37328d;ac51d5fa-d192-4c58-9874-f7a528a96ec6;eb748f94-3462-418a-8f6b-237d2279b66f;Opportunity 01;Discovery;Low;;;false;;;;Material Category: بلوك;2026-01-19 16:29:31.180569+00;2026-01-28 19:13:15.356668+00;false;;false;;true;SAL-0048-001-001
94865071-f1f3-402c-a826-e8441f840a9b;b5c88743-824c-462e-9bd4-28c19df74330;56bd1e6c-0747-4772-a044-f79867a8fb49;Opportunity 01;RFP;High;;;false;;;;Material Category: بلوك اسمنتي وبخاري;2026-01-17 11:30:54.848802+00;2026-01-28 19:13:15.356668+00;false;;false;;true;SAL-0012-001-001
baf48687-73b3-442f-a107-eb4bbc1adca0;b7989bca-8f6d-4e1d-b0b4-516212c088d1;ec2f2dfb-38bb-4d40-82fb-2de61cc90b5f;Opportunity 01;Discovery;Low;;;false;;;;Material Category: بلوك;2026-01-27 17:38:50.012833+00;2026-01-28 19:13:15.356668+00;false;;false;;true;SAL-0082-001-001
db428388-004e-4c86-8e14-d7df07c2dadf;42730b06-4b16-4b62-b7ec-ef176545708e;682eacf0-5629-46f9-aa95-30bfdb9776a4;Opportunity 01;RFP;Medium;;;false;;;;Material Category: بلوك;2026-01-30 14:01:08.109701+00;2026-01-30 14:01:08.109701+00;false;;false;;true;SAL-0103-001-001
c2ef0409-2423-4354-bfa0-41caca1fa295;4a3582bb-66c0-4c26-8d58-db01375646a6;cca97ab9-3415-40f1-81a9-ced8e321e277;Opportunity 01;RFP;Low;;;false;;;;Material Category: بلوك;2026-01-30 14:23:57.924824+00;2026-01-30 14:23:57.924824+00;false;;false;;true;SAL-0107-001-001
9d29691d-10ff-4322-b50e-bd573cdbc4ad;624d3768-edf5-468c-a183-ae08a363d39e;5457a306-399b-4de9-bb2c-706e214c9565;Opportunity 01;RFP;Low;;;false;;;;Material Category: بلوك;2026-01-30 14:34:43.582937+00;2026-01-30 14:34:43.582937+00;false;;false;;true;SAL-0111-001-001
9b18f5a7-4192-4ba4-81b7-1e48dc9cafc1;0575d353-0bcc-4e38-a36a-0d97980d5393;b199b0a4-da20-4d32-b221-14e3991e973c;Opportunity 01;RFP;Not interested;;;false;;;;"Material Category: بلوك
Objection: Not interested / No need now";2026-01-30 14:36:45.988806+00;2026-01-30 14:36:45.988806+00;false;;false;;false;SAL-0112-001-001
307b302f-bda5-49a2-a8a2-6a455d42a27f;72851024-3da6-417a-9e5d-c58644280dd1;0a961592-f75c-4373-9173-88c69f864f6d;Opportunity 01;RFP;Not interested;;;false;;;;"Material Category: بلوك
Objection: Price too high";2026-01-30 14:49:59.320621+00;2026-01-30 14:49:59.320621+00;false;;false;;false;SAL-0115-001-001
ba39961d-5605-4c0f-be86-d364a140e9bd;3001a5cc-82da-4eaf-b412-8fd163809425;1a3c8365-38ab-4186-986d-b3dc40d85d4c;Opportunity 01;RFP;Not interested;;;false;;;;"Material Category: بلوك
Objection: Not interested / No need now";2026-01-30 17:48:07.287244+00;2026-01-30 17:48:07.287244+00;false;;false;;false;SAL-0117-001-001
9106a162-bc6a-446c-a83a-39edc9d6e19d;7f1c6227-ce0e-421c-be75-d5770b8fe1c9;51d6f583-3437-47a9-9e2f-45227711758a;Opportunity 01;RFP;Low;;;false;;;;Material Category: بلوك;2026-01-30 18:07:12.375014+00;2026-01-30 18:07:12.375014+00;false;;false;;true;SAL-0121-001-001
8378cb8d-7309-46b5-b597-a77b8a91c227;91a7925d-88ea-4c74-ab5b-399075e80302;e18e2bd3-e376-47a6-b833-aea933388ff8;Opportunity 01;Discovery;Not interested;;;false;;;;Material Category: بلوك;2026-01-17 15:38:40.167452+00;2026-02-10 09:49:48.961545+00;false;;false;;false;SAL-0019-001-001
573673c4-8728-4294-8dd7-7455c0f85302;b9289f3d-1ac7-49ec-8175-dd457dd1b5a3;c908c2cf-033a-4056-bcd2-dc2291307a4c;Opportunity 01;RFP;Not interested;;;false;;;;Material Category: بلوك;2026-01-17 10:57:09.834832+00;2026-02-10 10:43:08.088719+00;false;;false;;false;SAL-0008-001-001
ec5804b0-cf96-4d02-a805-325ecb702c1c;cb8b252e-6427-4285-b3a3-e6489960c236;25953707-781e-4571-8c98-a6780ea81f15;Opportunity 01;Discovery;Not interested;;;false;;;;Material Category: بلوك وخرسانه;2026-01-22 17:54:37.01765+00;2026-02-16 11:53:02.165234+00;false;;false;;false;SAL-0075-001-001
4d573519-a25a-4f5e-81ed-99fd0c58f477;b3965ccd-4c37-4369-866f-51639b2b9f98;c942fbb3-9c80-4269-8197-023978294af6;Opportunity 01;Discovery;Not interested;;;false;;;;Material Category: بلوك;2026-01-18 14:36:49.878835+00;2026-02-16 11:54:31.71299+00;false;;false;;false;SAL-0029-001-001
e8062d3b-4183-4196-ae87-640cd728842c;b9f940ae-fd73-4489-a0d1-4e6e5978f18e;b1aed73b-f2c4-457c-ab2a-7fa5d37a597d;Opportunity 01;RFP;Not interested;;;false;;;;Material Category: بلوك;2026-01-17 15:25:14.30966+00;2026-02-16 12:00:29.420271+00;false;;false;;false;SAL-0016-001-001
f29b5096-617d-48ce-9b13-7f84d03cfe75;c6d2eb3c-283d-4695-9626-c94acd00d12d;0e97e1b8-60b6-4609-a356-a2639bceecee;Opportunity 01;Discovery;Not interested;;;false;;;;Material Category: بلوك ;2026-01-28 19:01:23.418784+00;2026-02-17 11:15:17.052867+00;false;;false;;false;SAL-0169-001-001
5ca7c156-9db1-4a23-8fb2-6bb39019ca9c;051928ef-e7e1-4b07-9f14-8de186659ddf;65781e17-8c7a-44db-a428-27aa425a0930;Opportunity 01;Discovery;Not interested;;;false;;;;Material Category: بلوك;2026-01-28 19:09:50.090885+00;2026-02-17 11:36:03.120648+00;false;;false;;false;SAL-0171-001-001
0ffcc4e2-10f3-49ff-b98c-6d1e12b393d8;b0b4df30-6bb9-4773-889d-eab9d6859412;bfcfa1c6-3eea-4f64-a036-12bb4c8ca7cb;Opportunity 01;Discovery;Not interested;;;false;;;;Material Category: بلوك;2026-01-22 16:59:45.64452+00;2026-02-18 20:14:52.053036+00;false;;false;;false;SAL-0066-001-001
ef5db4ae-3f08-467f-88eb-c7320bde6992;a850012b-57f2-48a0-86da-e3fa7f15a2f2;a0c54323-4918-4a5b-9206-fc528f37e25a;Opportunity 01;Discovery;Not interested;;;false;;;;Material Category: بلوك;2026-01-22 16:32:39.764557+00;2026-02-18 20:45:08.707438+00;false;;false;;false;SAL-0059-001-001
ce869acd-a852-46ce-ac44-f561b2ecc2e9;54f3a04d-72c5-4670-b2b8-0d0108bd492c;44ab78ac-7393-4b06-be4f-1e6fa6006528;Opportunity 01;RFP;Low;;;false;;;;Material Category: بلوك;2026-01-30 13:42:34.153339+00;2026-01-30 13:42:34.153339+00;false;;false;;true;SAL-0160-001-001
5d21173a-a12b-4b3a-8f93-29524fc5a339;d0f7bd98-9feb-4ebb-bd59-aac1eba9ef25;0ba963b2-c0a4-4df5-9728-fe440ebaf546;Opportunity 01;RFP;Not interested;;;false;;;;"Material Category: بلوك
Objection: Other: يحتاج بدون ضريبه";2026-01-30 13:53:49.859834+00;2026-01-30 13:53:49.859834+00;false;;false;;false;SAL-0100-001-001
a25ec34c-1f7a-4fef-a21e-45f0c8712e58;92576bff-4436-42c1-aeb8-a420162438c1;de3447d4-55a6-4868-bf80-155cd34914ca;Opportunity 01;RFP;Low;;;false;;;;Material Category: يلوك;2026-01-30 14:12:05.446227+00;2026-01-30 14:12:05.446227+00;false;;false;;true;SAL-0104-001-001
2d8283ff-9958-4d9d-a375-699b9ff32ff1;db2e2116-4826-4457-aa3f-82754d0ff1df;3cda4440-a5f3-4c9f-995e-187e0ec060ab;Opportunity 01;RFP;Medium;;;false;;;;Material Category: بلوك;2026-01-30 14:25:36.489407+00;2026-01-30 14:25:36.489407+00;false;;false;;true;SAL-0108-001-001
348fe281-b833-48ac-b700-4365bb553afc;e7766990-046a-4a9a-b1cf-375ccc09f833;fce58f5c-dafd-495e-b89e-db5905de72c3;Opportunity 01;RFP;Not interested;;;false;;;;"Material Category: بلوك
Objection: Not interested / No need now";2026-01-30 14:40:43.036549+00;2026-01-30 14:40:43.036549+00;false;;false;;false;SAL-0113-001-001
7a0bac9a-bd1f-40f5-bf50-6532ff2aeeeb;5b471cfc-1a7b-402c-a627-e89c6a90c405;99ffe716-6d2d-4049-bb55-e18815cd2fb8;Opportunity 01;RFP;High;;;false;;;;Material Category: بلوك;2026-01-30 14:54:51.4363+00;2026-01-30 14:54:51.4363+00;false;;false;;true;SAL-0124-002-001
f8284960-1d83-4d5b-8db3-4ee90169da2d;f0034088-1241-4948-a5b0-f36ed08d4e36;8626a837-caad-4566-82d7-9e706625288a;Opportunity 01;RFP;Medium;;;false;;;;Material Category: بلوك;2026-01-30 17:57:11.797912+00;2026-01-30 17:57:11.797912+00;false;;false;;true;SAL-0119-001-001
631a30c2-2ca8-4876-a2de-8920451c3c75;a88fd955-0e21-4890-b77b-46f8981db34b;73e42847-ad19-4eaa-a176-0d776aad31a7;Opportunity 01;RFP;Medium;;;false;;;;Material Category: بلوك;2026-01-30 18:09:10.612136+00;2026-01-30 18:09:10.612136+00;false;;false;;true;SAL-0122-001-001
eb08dc15-6604-4ca2-8626-9655804b04d8;69122e92-f3c8-482a-a19e-b5992bc608f5;f742602b-dbfb-4be7-b5ae-39cedbcb85fb;Opportunity 01;RFP;Low;;;false;;;;Material Category: بلوك;2026-01-30 18:18:15.65914+00;2026-01-30 18:18:15.65914+00;false;;false;;true;SAL-0159-001-001
bc27acce-2722-49fd-b1b9-782c08678cd0;26779eb9-aae6-4748-80c1-389b52b6d780;702d0880-0d70-46b8-8413-9d9b2bf7cb94;Opportunity 01;RFP;High;;;false;;;;Material Category: بلوك;2026-01-30 18:29:00.775311+00;2026-01-30 18:29:00.775311+00;false;;false;;true;SAL-0128-004-001
c3940795-f1da-4fec-b8e6-e1aa1261d644;826eff70-bf07-4b45-9d3f-597300665c03;65c354f0-02b6-477d-9805-c9fbd8cf8771;Opportunity 01;RFP;Not interested;;;false;;;;"Material Category: بلوك
Objection: Not interested / No need now";2026-01-30 18:35:42.552094+00;2026-01-30 18:35:42.552094+00;false;;false;;false;SAL-0127-001-001
12e312f4-31b2-47f2-99d4-9ab7b7969333;1f664cce-c91f-4578-9909-0272a398abfb;5ca2f67d-7901-466d-a717-805bc9395847;Opportunity 01;RFP;Medium;;;false;;;;Material Category: بلوك;2026-01-30 18:45:35.307754+00;2026-01-30 18:45:35.307754+00;false;;false;;true;SAL-0132-001-001
81a30301-4a43-455d-9b9a-e84f1f081171;35936ca4-909b-41ba-a76d-03f57897ed89;1c696264-286d-48d5-a3f3-5f73c515c765;Opportunity 01;RFP;Not interested;;;false;;;;"Material Category: بلوك
Objection: Price too high";2026-01-30 18:53:49.227903+00;2026-01-30 18:53:49.227903+00;false;;false;;false;SAL-0136-001-001
129c7a9e-5670-47cb-8907-ae350ae52c87;4ef4398e-301c-4034-a3d1-1de0957a5a59;5663b711-6b9a-40c3-9724-10bf16565caf;Opportunity 01;RFP;Medium;;;false;;;;Material Category: بلوك;2026-01-30 19:01:06.142567+00;2026-01-30 19:01:06.142567+00;false;;false;;true;SAL-0140-001-001
891977ae-d509-45df-b93c-761ff59332ff;43afa2b8-0fd2-434b-b2b6-8b70a1d3c38f;983e4a50-a173-4764-a48a-21a9397e03a4;Opportunity 01;RFP;Not interested;;;false;;;;"Material Category: بلوك
Objection: Not interested / No need now";2026-01-30 19:06:10.380971+00;2026-01-30 19:06:10.380971+00;false;;false;;false;SAL-0156-001-001
c8d0eb54-15d4-4a31-9e1e-9ce323e762f0;c1b622c0-bc00-44d3-8354-396fbb8ce46e;f9ca592d-6687-4a9e-86db-953befca6356;Opportunity 01;RFP;Not interested;;;false;;;;"Material Category: بلوك
Objection: Price too high";2026-01-30 19:34:48.073933+00;2026-01-30 19:34:48.073933+00;false;;false;;false;SAL-0144-001-001
30ff956a-b9f1-4d8c-9863-f9c54324477f;af038a54-6f71-47d0-b41f-0ff9584acd63;702d0880-0d70-46b8-8413-9d9b2bf7cb94;Opportunity 01;Closed Won;High;;;true;true;2026-01-31 15:26:44.76+00;;Material Category: بلوك;2026-01-30 18:29:36.315329+00;2026-01-31 15:26:44.949435+00;false;;false;;true;SAL-0128-002-001
76eb5c19-64b7-4678-9286-661b501110d7;6518d4a2-1a92-4ce6-ace9-f5493c2dcf4a;a0f8c85b-6b0b-4188-85ac-508001192c65;Opportunity 01;Closed Won;High;;;true;true;2026-01-31 15:33:14.777+00;;Material Category: بلوك;2026-01-30 13:16:42.848829+00;2026-01-31 15:33:14.931838+00;false;;false;;true;SAL-0090-001-001
6709fe80-0254-47ea-826d-77b48b667501;a8577365-d3d3-4834-b375-031e20c64be3;8e96b064-6fdc-4e6b-9c8e-4cd8db13a8c2;Opportunity 01;Discovery;Not interested;;;false;;;;Material Category: بلوك;2026-01-17 15:52:57.660673+00;2026-02-09 11:55:51.638132+00;false;;false;;false;SAL-0022-001-001
fb0d5e90-fc47-4d80-bb4e-e32a979f5368;7172d48e-abcd-4a05-8c91-5db3607a8708;42f78c88-cfd7-4659-9905-27764790742b;Opportunity 01;RFP;Not interested;;;false;;;;Material Category: بلوك;2026-01-30 13:31:18.229367+00;2026-02-18 20:06:11.710193+00;false;;false;;false;SAL-0096-001-001
1919aecb-9932-48b1-8b09-978e06d6a470;c7b5e280-7c20-452e-8b7a-a8a81e894edd;87882c57-a675-4b4d-88fb-fd78bf7bb773;Opportunity 01;Discovery;Low;;;false;;;;Material Category: بلوك;2026-02-21 12:09:06.354652+00;2026-02-21 12:09:06.354652+00;false;;false;;true;SAL-0173-001-001
a189f6ee-2e61-4da5-82de-a0b027b94c10;73123026-b4ad-409d-bd6e-2cc658c8d592;5b764f56-42c9-42da-8a3c-c0c80657e703;Opportunity 01;Discovery;Medium;;;false;;;;Material Category: بلوك وخرسانه;2026-02-21 12:39:41.211808+00;2026-02-21 12:39:41.211808+00;false;;false;;true;SAL-0176-001-001
4236e8ce-ae66-42b1-8f5b-10bc6bd178a4;7b85b47e-7fb4-4358-924d-553ad213b7a0;79d0845f-2194-4461-baf3-6978cd46fdd2;Opportunity 01;RFP;Low;;;false;;;;Material Category: بلوك;2026-01-30 13:20:46.288343+00;2026-01-30 13:20:46.288343+00;false;;false;;true;SAL-0091-001-001
c7a0da47-5dec-4f74-a3b3-a3846dbdeeb9;dd286584-fa54-4c1c-86c1-c4b775eed5df;7cd92328-562b-4f23-958d-d606303373cc;Opportunity 01;RFP;Low;;;false;;;;Material Category: بلوك;2026-01-30 13:45:54.576298+00;2026-01-30 13:45:54.576298+00;false;;false;;true;SAL-0097-001-001
b5a1113a-f0ad-4c8d-afb2-b5051e4200ea;190d5c98-267a-44be-b36d-90a3af5391a7;44eba481-6f0e-40c6-b446-cd37bdd9f1d0;Opportunity 01;RFP;Not interested;;;false;;;;"Material Category: بلوك
Objection: Price too high";2026-01-30 13:55:33.741158+00;2026-01-30 13:55:33.741158+00;false;;false;;false;SAL-0101-001-001
6cc5d3ea-77bb-43ba-b234-69a8a8af73ed;087e11b7-97cd-4432-b8c0-1c25319ace3b;9d1571e8-3bfb-47d2-b028-ba101a2ad0e2;Opportunity 01;RFP;Low;;;false;;;;Material Category: بلوك;2026-01-30 14:14:14.124975+00;2026-01-30 14:14:14.124975+00;false;;false;;true;SAL-0105-001-001
10c98242-e374-4b6d-a94c-44873816677e;cbc4931b-04ef-4244-b810-425304c443ce;aa82ebd0-ac13-450c-a41e-01dcaacd86dd;Opportunity 01;RFP;Medium;;;false;;;;Material Category: بلوك;2026-01-30 14:28:38.360623+00;2026-01-30 14:28:38.360623+00;false;;false;;true;SAL-0109-001-001
0b028944-65d0-43b6-ae73-4388852c59f0;a82b81c7-0150-4624-a0f6-35ec38edcf89;aa12d550-2268-4261-8ae8-f7c05a1fbe4a;Opportunity 01;RFP;High;;;false;;;;Material Category: بلوك;2026-01-30 14:46:42.957622+00;2026-01-30 14:46:42.957622+00;false;;false;;true;SAL-0114-002-001
eca3b3c7-d962-409c-aaab-5c0502e5390e;70532cb6-cbfd-4880-91aa-0959188a613a;99ffe716-6d2d-4049-bb55-e18815cd2fb8;Opportunity 01;RFP;High;;;false;;;;Material Category: بلوك;2026-01-30 14:55:10.308574+00;2026-01-30 14:55:10.308574+00;false;;false;;true;SAL-0124-001-001
9b9dfa81-0191-442d-8b82-4c827deabcbf;332da834-1fa2-4776-80ba-c9694da34bf5;6bb07783-7e10-4d7a-a8fa-2fdc083a97be;Opportunity 01;RFP;Not interested;;;false;;;;"Material Category: بلوك
Objection: Not interested / No need now";2026-01-30 18:00:07.488582+00;2026-01-30 18:00:07.488582+00;false;;false;;false;SAL-0126-001-001
57d730d4-ee25-457e-990a-6875fd20352b;cda4d774-b3bf-45c3-a3f2-316ea9895e35;42df9df6-857a-4d46-95b3-daeedf4920d7;Opportunity 01;RFP;Not interested;;;false;;;;"Material Category: بلوك
Objection: Not interested / No need now";2026-01-30 18:11:11.408807+00;2026-01-30 18:11:11.408807+00;false;;false;;false;SAL-0123-001-001
5187d001-5b92-4f19-a06b-812af56673ef;41d93c9f-b1ef-4034-8dc9-807a30b7c62a;c70b8d2d-0f42-4827-8f4d-83a170809b98;Opportunity 01;RFP;Not interested;;;false;;;;"Material Category: بلوك
Objection: Price too high";2026-01-30 18:20:46.030787+00;2026-01-30 18:20:46.030787+00;false;;false;;false;SAL-0158-001-001
379dc2a2-1afa-4d71-b326-ca7e6d4d5e9e;6f10f20f-1c90-4a6b-a51e-6f0fee6decb1;702d0880-0d70-46b8-8413-9d9b2bf7cb94;Opportunity 01;RFP;High;;;false;;;;Material Category: بلوك;2026-01-30 18:29:19.604704+00;2026-01-30 18:29:19.604704+00;false;;false;;true;SAL-0128-003-001
f0ba3b48-d29a-41a0-b422-05707b497908;8b8b8376-87dd-4522-80e7-4db8866aadf9;702d0880-0d70-46b8-8413-9d9b2bf7cb94;Opportunity 01;RFP;Not interested;;;false;;;;"Material Category: بلوك
Objection: Price too high";2026-01-30 18:30:08.579994+00;2026-01-30 18:30:08.579994+00;false;;false;;false;SAL-0128-001-001
7b034db9-b5a0-4d3c-8f96-c2f241007aaf;6f083930-0f60-4910-aa9b-5b9c174c5163;4a789fa6-e00f-4a0c-9f1e-f49c90adaef1;Opportunity 01;RFP;Not interested;;;false;;;;"Material Category: بلوك
Objection: Price too high";2026-01-30 18:38:32.589997+00;2026-01-30 18:38:32.589997+00;false;;false;;false;SAL-0130-001-001
c12e518b-d557-4a1d-b0fa-db1174051ab6;93c49b87-d59f-4f63-ac30-36f5574a6b4f;956392a9-2971-4e08-b963-994e5f1f1098;Opportunity 01;RFP;Medium;;;false;;;;Material Category: بلوك;2026-01-30 18:40:48.564436+00;2026-01-30 18:40:48.564436+00;false;;false;;true;SAL-0129-001-001
b617c5a6-1950-4a58-aca1-6350a1619d25;30620541-93da-4444-bb17-777a5ae9572c;8c877e2d-bc5f-4c3a-b439-f6aee293cc14;Opportunity 01;RFP;Medium;;;false;;;;Material Category: بلوك;2026-01-30 18:47:43.738099+00;2026-01-30 18:47:43.738099+00;false;;false;;true;SAL-0133-001-001
55b9455e-0fb9-4fba-a493-4bd4a9409a51;46583c2b-99b3-45af-846c-4c2db82065ff;30e9b3ed-84d2-4fb7-b62b-31a36be9e36d;Opportunity 01;RFP;Medium;;;false;;;;Material Category: بلوك;2026-01-30 18:52:17.116996+00;2026-01-30 18:52:17.116996+00;false;;false;;true;SAL-0135-001-001
6cdfc7c7-76eb-488e-91f2-592353e022bd;1ff7c500-1608-403f-9399-cdfede9e201b;ca92f127-17da-4772-b6e5-cce6c803f928;Opportunity 01;RFP;Medium;;;false;;;;Material Category: بلوك;2026-01-30 18:55:34.145887+00;2026-01-30 18:55:34.145887+00;false;;false;;true;SAL-0137-001-001
ff9677dd-ab71-45e7-9b90-198f9aad00e4;08bba41c-d32f-4afa-80dc-ad117e1d18c6;413b87fb-d981-499c-a486-007192b6ee83;Opportunity 01;RFP;Not interested;;;false;;;;"Material Category: بلوك
Objection: Price too high";2026-01-30 19:02:39.969583+00;2026-01-30 19:02:39.969583+00;false;;false;;false;SAL-0141-001-001
63c6dde8-58ef-45a6-8e6a-46ccce05e3a9;b2af0214-c58a-4f10-b4be-a0641af60346;d88f75b9-2d8c-4e1b-9e3b-27a62aca14b6;Opportunity 01;RFP;Not interested;;;false;;;;"Material Category: بلوك
Objection: Price too high";2026-01-30 19:13:44.062299+00;2026-01-30 19:13:44.062299+00;false;;false;;false;SAL-0143-001-001
7717d76e-5b7e-4433-9ec9-dd43b3697fce;533173ba-2457-4e1c-9863-1a4a77dd02ea;fc9f62e5-b30c-4466-8e5f-79ecc327f86e;Opportunity 01;RFP;Low;;;false;;;;Material Category: بلوك;2026-01-30 19:36:35.305059+00;2026-01-30 19:36:35.305059+00;false;;false;;true;SAL-0155-001-001
ef17e0c8-6cf8-4ba0-8e91-6e39a674a9b4;ee14b6c2-a55c-4ff0-8ca7-3e41e04fd209;a595411d-c064-48d5-a051-8877718c2421;Opportunity 01;Closed Won;High;;;true;true;2026-01-31 15:28:06.253+00;;Material Category: بلوك;2026-01-30 13:33:47.011273+00;2026-01-31 15:28:23.627705+00;false;;false;;true;SAL-0088-001-001
a2ed7780-bfb0-46b5-8da6-515c6cc48600;9207035e-e59f-4a2b-8d67-88b8e7d11c2a;de914e73-ec80-4c20-99fe-5cd398cff760;Opportunity 01;Discovery;Not interested;;;false;;;;Material Category: بلوك;2026-01-18 17:13:04.248799+00;2026-02-10 10:46:27.776253+00;false;;false;;false;SAL-0036-001-001
81df6919-2075-4375-8df0-38194ff9e6bd;245a6f22-7358-46f7-a369-88db0163219b;4994a069-0b5a-4a39-b46a-b41aedb40818;Opportunity 01;Discovery;Not interested;;;false;;;;Material Category: بلوك اللبنه الذهبيه;2026-01-18 14:44:35.071908+00;2026-02-16 11:15:08.206718+00;false;;false;;false;SAL-0031-001-001
d1e9cfe3-1cda-4f01-b637-6cde2984bfc8;03ae07ea-4e59-4c6d-8cb2-8ae93c59c241;699c631d-2f94-4442-8ef1-eb0ed10d152c;Opportunity 01;Discovery;Not interested;;;false;;;;Material Category: بلوك;2026-01-22 17:51:15.655683+00;2026-02-16 11:58:05.243568+00;false;;false;;false;SAL-0074-001-001
6360abf8-ee36-43aa-a560-8eba662b862c;e316389b-b4e5-4170-9ad1-6129d40e15a4;3a524b67-5823-4356-816c-792272e627d8;Opportunity 01;Discovery;Low;;;false;;;;Material Category: بلوك;2026-02-21 12:15:14.364404+00;2026-02-21 12:15:14.364404+00;false;;false;;true;SAL-0174-001-001
4a0c6548-f405-442c-bddb-a30d8929bc12;04853cf2-42f3-40fa-b86c-62ece5209047;057c6a00-f8dc-4134-ba66-85403f3d992b;Opportunity 01;Discovery;Medium;;;false;;;;Material Category: بلوك;2026-01-19 16:17:14.504284+00;2026-01-28 19:13:15.356668+00;false;;false;;true;SAL-0045-001-001
c6d037e1-743a-42fd-80ae-8caa1165909e;071e0d59-ede0-4519-b1b6-483e0ef2439d;a4b972ad-90b3-475f-aa3a-0844919deadc;Opportunity 01;Discovery;Low;;;false;;;;Material Category: بلوك;2026-01-22 15:45:53.820981+00;2026-01-28 19:13:15.356668+00;false;;false;;true;SAL-0056-001-001
f4d7eae9-b1c2-4042-8446-644ed43b4364;0973fbc9-4423-4ec6-82a0-1cc46782df46;96149e2c-7d4a-4fef-bff7-000115bb7cc3;Opportunity 01;Discovery;High;;;false;;;;Material Category: بلوك;2026-01-18 17:45:56.167784+00;2026-01-28 19:13:15.356668+00;false;;false;;true;SAL-0040-001-001
c8b4f2fb-39a8-42a9-9a53-301e2fb70046;ce422840-785c-4599-b140-2f6e5c4379b9;81c3ac53-1d64-4fb0-b39b-768a169b40be;Opportunity 01;RFP;High;;;false;;;;Material Category: بلوك;2026-01-27 18:12:34.072216+00;2026-01-28 19:13:15.356668+00;false;;false;;true;SAL-0084-001-001
cfebd315-697b-4ebd-8d1d-3733281d0c38;de5b2cb2-6b9c-4fae-855b-14c3de0001b3;80b86246-aa0b-425e-900b-4988ef18075c;Opportunity 01;Discovery;Medium;;;false;;;;Material Category: بلوك;2026-01-18 14:27:55.303721+00;2026-01-28 19:13:15.356668+00;false;;false;;true;SAL-0027-001-001
a28e3022-1c1d-41bf-8d39-45fca187cfe9;e15eb8e1-71e3-403a-8231-ad4f4c354622;660e9cb1-e51a-4aa5-b65e-bf22d5c447e2;Opportunity 01;Discovery;High;;;false;;;;Material Category: بلوَك;2026-01-19 17:38:59.039133+00;2026-01-28 19:13:15.356668+00;false;;false;;true;SAL-0051-001-001
61c745ed-679b-4d27-9633-793370998788;e5b075c4-83e9-4f4f-926d-ca2311930a64;971cb2f8-3c38-4602-85a6-b62388450c0e;Opportunity 01;Discovery;Medium;;;false;;;;Material Category: بلوك;2026-01-19 17:42:31.672206+00;2026-01-28 19:13:15.356668+00;false;;false;;true;SAL-0052-001-001
4f2c967d-c85b-453a-8946-b98497121fa5;ea64c6ac-f3eb-4539-83f0-09ae5183ce5a;a640b381-5f99-47f8-8ca2-9ded8dc65e57;Opportunity 01;Discovery;Medium;;;false;;;;Material Category: بلوك;2026-01-22 16:51:27.631951+00;2026-01-28 19:13:15.356668+00;false;;false;;true;SAL-0063-001-001
8c79a371-bb8a-4490-b7f5-3afec18eff6a;ed28fd36-8fe8-43e8-99dd-8ece460c3a10;089f4062-68af-4f7a-998e-5b85e5a6eb13;Opportunity 01;Discovery;Medium;;;false;;;;Material Category: بلوك;2026-01-18 14:33:01.347691+00;2026-01-28 19:13:15.356668+00;false;;false;;true;SAL-0028-001-001
5767d2b9-9cbf-4a64-b86b-6cd7a39bfd19;ed60d6d0-9259-4788-941c-3e3f9b67f32b;08884c00-cc6d-4b86-8296-be850253c6fb;Opportunity 01;Discovery;Low;;;false;;;;Material Category: بلوك;2026-01-19 16:35:50.265255+00;2026-01-28 19:13:15.356668+00;false;;false;;true;SAL-0050-001-001
1ac08ef7-6eae-4256-a350-74d9fecd5661;f5346256-e262-485d-8be4-ccd22bba9f2a;940a66b9-de39-42b8-b72e-9b0c052298ed;Opportunity 01;Discovery;Low;;;false;;;;Material Category: بلوك;2026-01-22 17:39:12.931499+00;2026-01-28 19:13:15.356668+00;false;;false;;true;SAL-0071-001-001
4af61554-deed-470c-84b5-79af02c1960b;f64d102d-56db-4665-8e25-89ac9499bdf7;f4ef0cc2-f66d-4eb1-9b9a-45298ea0d27c;Opportunity 01;Discovery;High;;;false;;;;Material Category: بلوك;2026-01-11 16:52:18.422862+00;2026-01-28 19:13:15.356668+00;false;;false;;true;SAL-0002-001-001
ea7945ba-d789-44d2-a87e-51dbea9c2ffb;fea4dc04-fd53-4120-b7e8-3e8a48d35c8e;f8d1c1ae-e958-4689-8e6b-7a3b2f8417ff;Opportunity 01;Discovery;Medium;;;false;;;;Material Category: بلوك ;2026-01-18 14:16:19.482172+00;2026-01-28 19:13:15.356668+00;false;;false;;true;SAL-0024-001-001
9321c2a7-e944-42af-9732-76aeee82c624;f1c547e5-eaf5-43ce-88bc-e40dd3359e2d;dbec863e-8988-4678-b0ad-1ea62e9fb775;Opportunity 01;RFP;Medium;;;false;;;;Material Category: بلوك;2026-01-30 13:22:48.639996+00;2026-01-30 13:22:48.639996+00;false;;false;;true;SAL-0092-001-001
ccb4a322-d45e-44ec-b331-f764a4479efa;c6ab0665-312f-4d6e-a3ca-04b2e34065bc;d734fe18-0b63-42a1-a38a-ae61da88af4c;Opportunity 01;RFP;Low;;;false;;;;Material Category: بلوك;2026-01-30 13:35:58.566695+00;2026-01-30 13:35:58.566695+00;false;;false;;true;SAL-0162-001-001
e1a26ce6-b1d8-4401-859d-c2e734efb8c2;899eb1d8-7065-4816-907f-5b2886fb3a7f;a4fbe6ba-ea3c-47b7-9f25-39384225171c;Opportunity 01;RFP;Medium;;;false;;;;Material Category: بلوك;2026-01-30 13:47:25.264281+00;2026-01-30 13:47:25.264281+00;false;;false;;true;SAL-0098-001-001
9ff29d47-788f-4532-b824-e38116abfb37;246437fe-fc4c-4cdb-abe7-7106ce215765;afbab8f9-6455-4a9a-b1a6-de930e29c210;Opportunity 01;RFP;Not interested;;;false;;;;"Material Category: بلوك
Objection: Price too high";2026-01-30 13:57:54.110337+00;2026-01-30 13:57:54.110337+00;false;;false;;false;SAL-0102-001-001
a8d0b8af-078c-4d4a-9bc9-28564973a7f1;00f17918-10c5-4089-b229-4885f2b2dca4;6937199b-bca1-42ea-a825-b970bfe0095e;Opportunity 01;RFP;Medium;;;false;;;;Material Category: بلوك;2026-01-30 14:16:47.799459+00;2026-01-30 14:16:47.799459+00;false;;false;;true;SAL-0106-001-001
b730ab99-cd85-415e-883a-05f596e2b64d;4204bfb0-a1f7-477e-b44f-fe90e839baf6;c8845689-ee7e-471d-9b6b-b589950052f3;Opportunity 01;RFP;Medium;;;false;;;;Material Category: بلوك بركاني اللبنه الذهبيه ;2026-01-30 14:32:02.892231+00;2026-01-30 14:32:02.892231+00;false;;false;;true;SAL-0110-001-001
f42671ee-ea5c-4e34-9f91-35df4983d4eb;fcf80a4b-d4e9-4359-9b02-942317dc5aec;aa12d550-2268-4261-8ae8-f7c05a1fbe4a;Opportunity 01;RFP;High;;;false;;;;Material Category: بلوك;2026-01-30 14:47:03.085912+00;2026-01-30 14:47:03.085912+00;false;;false;;true;SAL-0114-001-001
037c3d47-8677-4eeb-a2df-c3deed96d274;b0f4252b-24ae-43dc-8833-cf545fe2a7c0;c733dfcd-d3f8-4b57-83bf-283d85b7b603;Opportunity 01;RFP;Not interested;;;false;;;;"Material Category: بلوك
Objection: Price too high";2026-01-30 17:44:46.187109+00;2026-01-30 17:44:46.187109+00;false;;false;;false;SAL-0116-001-001
6ec77545-c864-47cf-9f5c-9d340a36d0e8;048139a4-5b6c-4604-8eea-854788c16213;cb7d3d27-4dc7-406f-acbe-7194e1aeaa06;Opportunity 01;RFP;Low;;;false;;;;Material Category: بلوك;2026-01-30 18:02:14.500637+00;2026-01-30 18:02:14.500637+00;false;;false;;true;SAL-0120-001-001
355b90d9-8052-4d91-86e2-9b00dc1d4a91;220ae1b2-121f-4518-9821-e77b34f92d1b;3b57987b-d939-49e8-991a-0738fa944030;Opportunity 01;RFP;Medium;;;false;;;;Material Category: بلوك;2026-01-30 18:15:29.833185+00;2026-01-30 18:15:29.833185+00;false;;false;;true;SAL-0125-001-001
d71fe0d5-f86b-4b00-8f9a-984f5fc54452;1e9021d8-bd88-4228-99d6-6d7cec36c2ef;9f8dddd7-23c3-4752-90b1-c798fa1fc3f1;Opportunity 01;RFP;Not interested;;;false;;;;"Material Category: بلوك
Objection: Price too high";2026-01-30 18:24:46.394883+00;2026-01-30 18:24:46.394883+00;false;;false;;false;SAL-0157-001-001
062f2839-4278-4a91-b401-321538e791aa;3b5254d0-c1fc-4a3a-94b2-f9229550c09c;b0fbdad6-7915-435e-b52a-50491b218e80;Opportunity 01;RFP;Low;;;false;;;;Material Category: بلوك;2026-01-30 18:33:47.398243+00;2026-01-30 18:33:47.398243+00;false;;false;;true;SAL-0087-001-001
f0e2bb53-8e39-4cec-bfb7-916d9d08798d;4938a4a3-1630-4ae3-b251-1b2c6ba13bf9;abeb1092-4402-498e-ae90-014b10fc9cb5;Opportunity 01;RFP;Not interested;;;false;;;;"Material Category: بلووك
Objection: Price too high";2026-01-30 18:42:30.294296+00;2026-01-30 18:42:30.294296+00;false;;false;;false;SAL-0131-001-001
95fb1944-fc1f-45e8-a54c-03ceff0b208c;10f53414-efaa-4dac-b0ce-549f429fa583;9ce81c48-d17a-4579-9e75-6c7cfb37d49c;Opportunity 01;RFP;Medium;;;false;;;;Material Category: بلوك;2026-01-30 18:50:14.229882+00;2026-01-30 18:50:14.229882+00;false;;false;;true;SAL-0134-001-001
31d953d3-6a92-4776-9a0c-89fbe1236bab;962d4245-929d-494a-afe6-0e4b3b1c10ec;59803054-6bce-4047-9a01-6d0274d77a5f;Opportunity 01;RFP;Not interested;;;false;;;;"Material Category: بلوك
Objection: Not interested / No need now";2026-01-30 18:57:23.16176+00;2026-01-30 18:57:23.16176+00;false;;false;;false;SAL-0138-001-001
b6d9b33f-a9bc-4e7f-9859-49c8a64904b4;ab5f61cc-cb14-44a6-a7f2-ea276b1d186f;32219a75-0080-426f-9894-92789d7e0768;Opportunity 01;RFP;Not interested;;;false;;;;"Material Category: بلوك
Objection: Price too high";2026-01-30 18:58:49.496932+00;2026-01-30 18:58:49.496932+00;false;;false;;false;SAL-0139-001-001
a38f340a-5459-4c07-92f7-10ecd650187c;ff6f2234-39de-44a5-99d4-7bc36c82c8f0;51fc500a-5892-494b-a93b-6805c50dda3b;Opportunity 01;RFP;Not interested;;;false;;;;"Material Category: بلوك
Objection: Not interested / No need now";2026-01-30 19:04:19.232474+00;2026-01-30 19:04:19.232474+00;false;;false;;false;SAL-0142-001-001
2d6fa003-81f6-4663-b60d-fae1a32a6110;3459c405-be75-430e-add4-13f80c9736b2;f8d17469-7fa3-404e-bf4f-2ea2d6e79abe;Opportunity 01;RFP;Low;;;false;;;;Material Category: بلوك;2026-01-30 19:19:07.762369+00;2026-01-30 19:19:07.762369+00;false;;false;;true;SAL-0154-001-001
9d669f2a-719d-4e2c-b4c0-af95873db580;77932174-045b-4b98-9cbf-739b751be159;c734a349-e886-4be1-8693-4c0c6e5cfa84;Opportunity 01;Discovery;Not interested;;;false;;;;Material Category: بلوك;2026-01-17 15:35:28.39778+00;2026-02-09 11:33:55.810924+00;false;;false;;false;SAL-0018-001-001
44d14f04-6af5-4b14-ad43-5ed8322752af;e385d01d-5113-4e27-884d-0fa06b546d40;8812a04c-5e0c-4da6-98b7-68d2f90a89b4;Opportunity 02;RFP;Not interested;;;false;;;;Material Category: بلوك;2026-01-17 11:12:41.809764+00;2026-02-10 09:39:35.46956+00;false;;false;;false;SAL-0010-001-002
87a6eb4c-b805-4680-baea-f7176c493dcc;e385d01d-5113-4e27-884d-0fa06b546d40;8812a04c-5e0c-4da6-98b7-68d2f90a89b4;Opportunity 01;RFP;Not interested;;;false;;;;Material Category: بلوك;2026-01-17 11:12:17.320992+00;2026-02-10 09:39:39.299523+00;false;;false;;false;SAL-0010-001-001
1c42c008-420c-4a64-b424-a3890a30d6de;eb2cff71-b224-48f3-8693-0a418c23f316;f9601d4c-7bbf-4214-b51d-96445ed8f7d0;Opportunity 01;RFP;Not interested;;;false;;;;Material Category: بلوك;2026-01-17 10:50:22.603482+00;2026-02-10 09:58:14.035142+00;false;;false;;false;SAL-0007-001-001
d69c7cfb-181d-4d5f-9bd2-128ac634eb2a;ea8a7eec-a476-40ed-b8bb-65e536f1cc50;9ca1870b-efb4-4324-a1a5-8260f8e27b02;Opportunity 01;Discovery;Not interested;;;false;;;;Material Category: بلوك;2026-01-17 15:31:00.938292+00;2026-02-10 10:24:37.279+00;false;;false;;false;SAL-0017-001-001
d3550f82-07cb-4007-ae53-2827c3a30bf9;eb2b8d59-61bc-4426-aa7f-158031e9ef74;b8fa75f9-6486-4d03-89fe-0775a36c27e7;Opportunity 01;Discovery;Not interested;;;false;;;;Material Category: بلوك;2026-01-18 17:18:11.662587+00;2026-02-10 10:27:12.821567+00;false;;false;;false;SAL-0037-001-001
cdb3e03a-741d-48e6-be15-146124cfb3b3;eb01b88f-cab1-4416-8ba2-b4c225e15f41;4557b3c7-b7f1-476e-b157-cf9127a12fe7;Opportunity 01;Discovery;Not interested;;;false;;;;Material Category: بلوك;2026-01-18 14:40:21.471668+00;2026-02-16 10:51:08.928138+00;false;;false;;false;SAL-0030-001-001
326558d0-c7cf-4a7a-a51f-44bbfb2e6e12;cd075e86-345e-4f89-8eb8-777fd640e9c3;768bc8f1-e274-487b-b579-e50127aba468;Opportunity 01;Discovery;Not interested;;;false;;;;Material Category: بلوك;2026-01-18 17:50:48.129449+00;2026-02-16 11:11:55.049197+00;false;;false;;false;SAL-0041-001-001
3b69963e-368b-4d22-a5ec-a6e66094ce1a;e12d3694-fc32-44be-9f6a-67fd27022a2f;7baf19d3-c64c-429a-802f-3b16e9d5ec24;Opportunity 01;Discovery;Not interested;;;false;;;;Material Category: بلوك;2026-01-22 15:51:54.720823+00;2026-02-17 12:16:31.188818+00;false;;false;;false;SAL-0058-001-001
29921135-4369-4921-bfe5-933346d5d562;2038afd4-a9f1-4b79-ae24-8e8564d2c909;e822134a-92d7-4e5f-b944-2b45bc0545f0;Opportunity 01;Discovery;Low;;;false;;;;Material Category: بلوك;2026-02-21 12:04:07.26958+00;2026-02-21 12:04:07.26958+00;false;;false;;true;SAL-0172-001-001
26feae9f-49b5-4a6b-8d36-befd6a3b3db4;f12d13fa-a074-4ac8-a345-00510ced4b4f;e9c960a6-55a9-447f-9993-3589568f2e59;Opportunity 01;Discovery;Low;;;false;;;;Material Category: بلوك;2026-01-17 15:44:45.250777+00;2026-02-18 20:50:08.494281+00;false;;false;;true;SAL-0020-001-001
da812554-684f-4fbb-8ee7-8e522a778dc9;cb1c17aa-7d44-4eb4-b644-25adf2c4c14e;d31b9669-ca26-408e-8a65-1f57488ffff7;Opportunity 01;Discovery;Low;;;false;;;;Material Category: بلوك;2026-02-21 12:22:42.534506+00;2026-02-21 12:22:42.534506+00;false;;false;;true;SAL-0175-001-001