id;client_id;name;project_type;project_size;current_phase;city;district;location;status;notes;created_at;updated_at;project_code
2b1ed894-4534-407c-b6ee-f36794ef5d29;f0255b9b-85dc-4620-920c-0afeb6aff25b;مشروع عمارة;Residential;Small (100-1,000 m²);Finishing Works;Riyadh;العارض;https://maps.app.goo.gl/Ebb3SbuXEd81pMHH6;Active;;2026-01-29 16:10:05.549179+00;2026-01-29 16:11:24.423165+00;SAL-0086-001
2df00232-8acd-401a-ad27-8611997bd695;023e5d67-c639-4685-af52-fdf23fe47a4c;فيلا النرجس;Residential;Small (100-1,000 m²);Site Preparation & Fencing;Riyadh;النرجس;https://maps.app.goo.gl/G8PV4zQamW1sNue76;Active;;2026-01-18 17:34:32.41152+00;2026-01-28 19:13:15.356668+00;SAL-0039-001
04853cf2-42f3-40fa-b86c-62ece5209047;057c6a00-f8dc-4134-ba66-85403f3d992b;مشروع إداري النرجس;Commercial;Medium (1,000-10,000 m²);Masonry & MEP Works;Riyadh;النرجس;https://maps.app.goo.gl/WWQXEZWPaqqsnyeL9;Active;;2026-01-19 16:16:58.301011+00;2026-01-28 19:13:15.356668+00;SAL-0045-001
ed60d6d0-9259-4788-941c-3e3f9b67f32b;08884c00-cc6d-4b86-8296-be850253c6fb;فيلل النرجس;Residential;Small (100-1,000 m²);Site Preparation & Fencing;Riyadh;النرجس;https://maps.app.goo.gl/V69jHnYhuUMNdK537;Active;;2026-01-19 16:35:23.940021+00;2026-01-28 19:13:15.356668+00;SAL-0050-001
ed28fd36-8fe8-43e8-99dd-8ece460c3a10;089f4062-68af-4f7a-998e-5b85e5a6eb13;فيلل النرجس;Residential;Medium (1,000-10,000 m²);Skeleton Works / Superstructure;Riyadh;النرجس;https://maps.app.goo.gl/5EwrhQMaJYTK9FXQ9;Active;;2026-01-18 14:32:41.89951+00;2026-01-28 19:13:15.356668+00;SAL-0028-001
a335d97b-f4e4-4a0d-8ef7-a82504991ef6;0da94034-d5c2-44d1-9817-c0924875d8de;فيلا النرجس;Residential;Small (100-1,000 m²);Site Preparation & Fencing;Riyadh;النرجس;https://maps.app.goo.gl/vFwdGLJEkbdYL9TQ7;Active;;2026-01-18 14:19:41.84406+00;2026-01-28 19:13:15.356668+00;SAL-0025-001
771eeec0-704c-426e-95a1-f290d7813c1b;13ddabff-eeb8-403d-ba8b-2a4a92f4c892;مستشفى حي النرجس;Commercial;Medium (1,000-10,000 m²);Site Preparation & Fencing;Riyadh;النرجس;https://maps.app.goo.gl/pLYJxuqB5FraghH37;Active;;2026-01-18 14:51:02.015958+00;2026-01-28 19:13:15.356668+00;SAL-0032-001
98e9e304-9976-491e-a28b-f5953489d759;238dcfbf-60e6-4891-a4f7-8b9b9724d770;فيلل النرجس;Residential;Small (100-1,000 m²);Foundation Works / Substructure;Riyadh;النرجس;https://maps.app.goo.gl/bmURWh9yiE41mLfWA;Active;;2026-01-28 18:54:22.696766+00;2026-01-28 19:13:15.356668+00;SAL-0167-001
cb8b252e-6427-4285-b3a3-e6489960c236;25953707-781e-4571-8c98-a6780ea81f15;فيلل النرجس;Residential;Small (100-1,000 m²);Site Preparation & Fencing;Riyadh;النرجس;https://maps.app.goo.gl/1Hc8BhodtQWMoBXP6;Active;;2026-01-22 17:54:12.907252+00;2026-01-28 19:13:15.356668+00;SAL-0075-001
2f8e223f-5642-4543-9b83-4dc3645345db;2bf3c67c-06e3-474a-b311-e56db624e066;فيلا النرجس;Residential;Small (100-1,000 m²);Finishing Works;Riyadh;النرجس;https://maps.app.goo.gl/uLmM1ASuuZgTZNMC8;Active;;2026-01-22 17:46:31.875707+00;2026-01-28 19:13:15.356668+00;SAL-0073-001
7684e2e5-893a-4bc7-8b88-5e7f92461344;2f9d2700-2654-4b04-901c-09bbd915be2c;فيلا النرجس;Residential;Small (100-1,000 m²);Foundation Works / Substructure;Riyadh;النرجس;https://maps.app.goo.gl/BizNcFe265Kn7sAdA;Active;;2026-01-22 17:21:48.330233+00;2026-01-28 19:13:15.356668+00;SAL-0070-001
6c2a04b7-bd31-4dfb-8f77-e0c9b2e188dd;30fa78c8-40c9-487f-9b61-67f914ec5537;عماره النرجس;Residential;Small (100-1,000 m²);Finishing Works;Riyadh;النرجس;https://maps.app.goo.gl/1QUK6SXdC7tBDMYb7;Active;;2026-01-18 17:07:31.404732+00;2026-01-28 19:13:15.356668+00;SAL-0035-001
77ef1abc-c40f-4d9c-8607-95d2d21fb18d;33eea4ab-1512-44ea-bf1e-ec39a6f98dc2;فيلا النرجس;Residential;Small (100-1,000 m²);Masonry & MEP Works;Riyadh;النرجس;https://maps.app.goo.gl/NdSJ4WX3haT5n9em8;Active;;2026-01-22 17:44:04.57506+00;2026-01-28 19:13:15.356668+00;SAL-0072-001
eb01b88f-cab1-4416-8ba2-b4c225e15f41;4557b3c7-b7f1-476e-b157-cf9127a12fe7;فيلل النرجس;Residential;Medium (1,000-10,000 m²);Site Preparation & Fencing;Riyadh;النرجس;https://maps.app.goo.gl/w8MzKViAw5v1Q16n6;Active;;2026-01-18 14:40:02.641828+00;2026-01-28 19:13:15.356668+00;SAL-0030-001
245a6f22-7358-46f7-a369-88db0163219b;4994a069-0b5a-4a39-b46a-b41aedb40818;مكاتب النرجس;Commercial;Small (100-1,000 m²);Skeleton Works / Superstructure;Riyadh;النرجس;https://maps.app.goo.gl/cQTuQTUHEoSbkEkz6;Active;;2026-01-18 14:44:10.169345+00;2026-01-28 19:13:15.356668+00;SAL-0031-001
780ada99-985f-4d16-9bc2-cae2738b7385;4a15869b-69b0-40e0-8761-d0f752c9db76;فيلل النرجس;Residential;Small (100-1,000 m²);Skeleton Works / Superstructure;Riyadh;النرجس;https://maps.app.goo.gl/3YyVgByB8X6KTidv8;Active;;2026-01-22 17:07:41.330556+00;2026-01-28 19:13:15.356668+00;SAL-0067-001
8409d3e4-aabb-4d3f-bfcd-ad4201795105;5ca159bb-2d55-4dae-a1a8-666a4017a376;فيلا النرجس;Residential;Small (100-1,000 m²);Masonry & MEP Works;Riyadh;النرجس;https://maps.app.goo.gl/3YyVgByB8X6KTidv8;Active;;2026-01-22 17:11:47.905842+00;2026-01-28 19:13:15.356668+00;SAL-0068-001
a4c58dd0-e592-49ce-abcb-8d640029ef1d;5caf2d04-8197-4184-81e5-50ca58ddf496;فيلل النرجس;Residential;Small (100-1,000 m²);Finishing Works;Riyadh;النرجس;https://maps.app.goo.gl/2evM9LbQQECqgzU17;Active;;2026-01-22 15:48:11.936454+00;2026-01-28 19:13:15.356668+00;SAL-0057-001
2d8e4005-99ef-4478-99dd-9a89178f95cb;628121f3-07c8-4ed7-b290-1933045720be;فيلا النرجس;Residential;Small (100-1,000 m²);Skeleton Works / Superstructure;Riyadh;النرجس;https://maps.app.goo.gl/yMYUoWJAG33WUrHJA;Active;;2026-01-18 17:02:49.063729+00;2026-01-28 19:13:15.356668+00;SAL-0034-001
e15eb8e1-71e3-403a-8231-ad4f4c354622;660e9cb1-e51a-4aa5-b65e-bf22d5c447e2;فيلا النرجس;Residential;Small (100-1,000 m²);Foundation Works / Substructure;Riyadh;النرجس;https://maps.app.goo.gl/kx8umWgH7dpU1mjv5;Active;;2026-01-19 17:38:42.477291+00;2026-01-28 19:13:15.356668+00;SAL-0051-001
03ae07ea-4e59-4c6d-8cb2-8ae93c59c241;699c631d-2f94-4442-8ef1-eb0ed10d152c;فيلل النرجس;Residential;Small (100-1,000 m²);Masonry & MEP Works;Riyadh;النرجس;https://maps.app.goo.gl/SjYty9AT1GcUY4AB7;Active;;2026-01-22 17:50:21.667428+00;2026-01-28 19:13:15.356668+00;SAL-0074-001
cd075e86-345e-4f89-8eb8-777fd640e9c3;768bc8f1-e274-487b-b579-e50127aba468;فيلا النرجس;Residential;Small (100-1,000 m²);Skeleton Works / Superstructure;Riyadh;النرجس;https://maps.app.goo.gl/DpdjH9ueSkvYVA9z5;Active;;2026-01-18 17:50:26.048288+00;2026-01-28 19:13:15.356668+00;SAL-0041-001
e12d3694-fc32-44be-9f6a-67fd27022a2f;7baf19d3-c64c-429a-802f-3b16e9d5ec24;فيلل النرجس;Residential;Small (100-1,000 m²);Skeleton Works / Superstructure;Riyadh;النرجس;https://maps.app.goo.gl/rAG5L8PE5fmE8zAd8;Active;;2026-01-22 15:51:41.963033+00;2026-01-28 19:13:15.356668+00;SAL-0058-001
de5b2cb2-6b9c-4fae-855b-14c3de0001b3;80b86246-aa0b-425e-900b-4988ef18075c;فيلل النرجس;Residential;Large (10,000-100,000 m²);Finishing Works;Riyadh;النرجس;https://maps.app.goo.gl/kGcmVkr1LpKNDwbGA;Active;;2026-01-18 14:27:30.649847+00;2026-01-28 19:13:15.356668+00;SAL-0027-001
2bd3b925-a88c-4895-8160-cbb0beb58650;87b0c9d2-2653-494c-adbe-3ae8e06a38af;فيلا النرجس;Residential;Small (100-1,000 m²);Skeleton Works / Superstructure;Riyadh;النرجس;https://maps.app.goo.gl/s9CGnB7zse5iebgT7;Active;;2026-01-19 17:45:19.658906+00;2026-01-28 19:13:15.356668+00;SAL-0053-001
75251252-54ba-4b82-a44d-fffd984207bc;88d23f84-9417-4b44-b47a-00a6858594a8;فيلا شخصي;Residential;Small (100-1,000 m²);Foundation Works / Substructure;Riyadh;النرجس;https://maps.app.goo.gl/7NSAYNWu7aaQrXqy7;Active;;2026-01-17 15:48:06.436377+00;2026-01-28 19:13:15.356668+00;SAL-0021-001
5829df37-95bb-4e52-8745-a486e5048439;8be37927-cd97-4866-867a-91c37407d3e0;فيلا النرجس;Residential;Small (100-1,000 m²);Masonry & MEP Works;Riyadh;النرجس;https://maps.app.goo.gl/YuF7qZ3yQmC6ahn97;Active;;2026-01-18 14:23:43.582232+00;2026-01-28 19:13:15.356668+00;SAL-0026-001
a8577365-d3d3-4834-b375-031e20c64be3;8e96b064-6fdc-4e6b-9c8e-4cd8db13a8c2;مشروع تجاري مكتبي النرجس;Commercial;Small (100-1,000 m²);Foundation Works / Substructure;Riyadh;النرجس;https://maps.app.goo.gl/S3RjrMwAutUq3bNu6;Active;;2026-01-17 15:52:31.684053+00;2026-01-28 19:13:15.356668+00;SAL-0022-001
f5346256-e262-485d-8be4-ccd22bba9f2a;940a66b9-de39-42b8-b72e-9b0c052298ed;فيلل النرجس;Residential;Small (100-1,000 m²);Finishing Works;Riyadh;النرجس;https://maps.app.goo.gl/ywR3zUeGBwsskDQG9;Active;;2026-01-22 17:38:49.794009+00;2026-01-28 19:13:15.356668+00;SAL-0071-001
0973fbc9-4423-4ec6-82a0-1cc46782df46;96149e2c-7d4a-4fef-bff7-000115bb7cc3;فيلل النرجس;Residential;Small (100-1,000 m²);Finishing Works;Riyadh;النرجس;https://maps.app.goo.gl/yp4r5oWL11XNVH8e8;Active;;2026-01-18 17:45:40.533409+00;2026-01-28 19:13:15.356668+00;SAL-0040-001
e5b075c4-83e9-4f4f-926d-ca2311930a64;971cb2f8-3c38-4602-85a6-b62388450c0e;فيلل النرجس;Residential;Medium (1,000-10,000 m²);Foundation Works / Substructure;Riyadh;النرجس;https://maps.app.goo.gl/WK6CthyNewt4PwDp9;Active;;2026-01-19 17:42:05.438715+00;2026-01-28 19:13:15.356668+00;SAL-0052-001
ff22b6fa-0fde-425e-97bd-ee9a7ccfa02c;d198de81-42c4-4196-a984-60a1cc957af3;عماره العارض;Residential;Small (100-1,000 m²);Finishing Works;Riyadh;العارض;24.857671,46.6362777;Active;;2026-01-30 13:28:28.521639+00;2026-01-30 13:28:28.521639+00;SAL-0094-001
3001a5cc-82da-4eaf-b412-8fd163809425;1a3c8365-38ab-4186-986d-b3dc40d85d4c;عماره النرجس;Residential;Small (100-1,000 m²);Finishing Works;Riyadh;العارض;;Active;;2026-01-30 17:47:40.747701+00;2026-01-30 17:47:40.747701+00;SAL-0117-001
a216411a-7fab-4457-94fc-a76760e447aa;9f6f7a2e-258a-4b42-8b06-c7b5467002f2;عماره العارض;Residential;Small (100-1,000 m²);Finishing Works;Riyadh;العارض;24.8673469,46.6170813;Active;;2026-01-30 13:13:34.269238+00;2026-01-30 13:13:34.269238+00;SAL-0089-001
7172d48e-abcd-4a05-8c91-5db3607a8708;42f78c88-cfd7-4659-9905-27764790742b;فيلل العارض;Residential;Small (100-1,000 m²);Skeleton Works / Superstructure;Riyadh;العارض;24.8631823,46.6137762;Active;;2026-01-30 13:30:58.057555+00;2026-01-30 13:30:58.057555+00;SAL-0096-001
0231161f-4bb2-410d-ba3b-dddd9e53d03e;379aaa06-9904-48f1-9085-da6750a04860;فيلل النرجس;Residential;Small (100-1,000 m²);Masonry & MEP Works;Riyadh;النرجس;https://maps.app.goo.gl/eaX7yTBV39yuejY69;Active;;2026-01-28 18:40:46.310356+00;2026-01-28 19:13:15.356668+00;SAL-0164-001
796dd843-c9f5-46fe-bb66-fc30b4094279;63fb3c17-702f-4452-9fcd-aaf1186c4359;مكاتب النرجس;Commercial;Small (100-1,000 m²);Masonry & MEP Works;Riyadh;النرجس;https://maps.app.goo.gl/Hgspvf7xetkjTumPA;Active;;2026-01-28 18:57:39.854924+00;2026-01-28 19:13:15.356668+00;SAL-0168-001
8ca0a5ec-8cb4-4dc6-93e7-eb61aa4bf10a;9e1d30fa-74a2-4761-b7d0-e6bd15af922e;مشروع النرجس;Residential;Small (100-1,000 m²);Foundation Works / Substructure;Riyadh;النرجس;https://maps.app.goo.gl/m7TW88kPTxiaU34Y9;Active;;2026-01-22 17:56:56.746903+00;2026-01-28 19:13:15.356668+00;SAL-0076-001
59b4fd21-ff41-497e-b619-9025bbdbe66c;9fb9257b-a0eb-4642-ab73-06244d4f7d64;فيلل النرجس;Residential;Small (100-1,000 m²);Masonry & MEP Works;Riyadh;النرجس;https://maps.app.goo.gl/ud92mMbVgLX363Bo8;Active;;2026-01-19 17:54:09.085873+00;2026-01-28 19:13:15.356668+00;SAL-0055-001
a850012b-57f2-48a0-86da-e3fa7f15a2f2;a0c54323-4918-4a5b-9206-fc528f37e25a;عماره النرجس ;Residential;Small (100-1,000 m²);Skeleton Works / Superstructure;Riyadh;النرجس;https://maps.app.goo.gl/Een5HyZqpTJQ7Y1MA;Active;;2026-01-22 16:32:18.735465+00;2026-01-28 19:13:15.356668+00;SAL-0059-001
071e0d59-ede0-4519-b1b6-483e0ef2439d;a4b972ad-90b3-475f-aa3a-0844919deadc;فيلل النرجس;Residential;Small (100-1,000 m²);Masonry & MEP Works;Riyadh;النرجس;https://maps.app.goo.gl/LGF9qAkQxt3oVDTL7;Active;;2026-01-22 15:45:29.547621+00;2026-01-28 19:13:15.356668+00;SAL-0056-001
6d1021ba-8b45-4edb-a0b5-2e8d9d2f30d0;a5510102-565e-4696-a7c4-87aa1d7d0a07;مكاتب النرجس;Commercial;Small (100-1,000 m²);Foundation Works / Substructure;Riyadh;النرجس;https://maps.app.goo.gl/kA7MzNUNjPS9N9p9A;Active;;2026-01-27 17:00:50.964434+00;2026-01-28 19:13:15.356668+00;SAL-0077-001
ea64c6ac-f3eb-4539-83f0-09ae5183ce5a;a640b381-5f99-47f8-8ca2-9ded8dc65e57;مكاتب النرجس;Commercial;Small (100-1,000 m²);Foundation Works / Substructure;Riyadh;النرجس;https://maps.app.goo.gl/RBtjcEctYaMzALK58;Active;;2026-01-22 16:51:11.093527+00;2026-01-28 19:13:15.356668+00;SAL-0063-001
8e14e35c-9034-4ea0-aeaa-27d100f838bf;a8edf175-722e-4f7f-86c3-7dc417323e61;فيلل النرجس;Residential;Small (100-1,000 m²);Masonry & MEP Works;Riyadh;النرجس;https://maps.app.goo.gl/zGp4n3sDHbRpTf1k9;Active;;2026-01-22 16:48:14.392924+00;2026-01-28 19:13:15.356668+00;SAL-0062-001
36544908-d4b5-466b-9abd-b4d9348f3964;b0a17b50-8169-4ec2-a60f-e8a7a18aed45;فيلا النرجس;Residential;Small (100-1,000 m²);Foundation Works / Substructure;Riyadh;النرجس;https://maps.app.goo.gl/JFuAmtjqxqKF7WzY7;Active;;2026-01-19 16:20:47.014653+00;2026-01-28 19:13:15.356668+00;SAL-0046-001
eb2b8d59-61bc-4426-aa7f-158031e9ef74;b8fa75f9-6486-4d03-89fe-0775a36c27e7;فيلل النرجس;Residential;Medium (1,000-10,000 m²);Site Preparation & Fencing;Riyadh;النرجس;https://maps.app.goo.gl/gPknqraXpreRD9ci6;Active;;2026-01-18 17:17:42.343136+00;2026-01-28 19:13:15.356668+00;SAL-0037-001
b0b4df30-6bb9-4773-889d-eab9d6859412;bfcfa1c6-3eea-4f64-a036-12bb4c8ca7cb;فيلل النرجس;Residential;Small (100-1,000 m²);Skeleton Works / Superstructure;Riyadh;النرجس;https://maps.app.goo.gl/VTEQrY4LYKvcJMMU6;Active;;2026-01-22 16:59:31.165803+00;2026-01-28 19:13:15.356668+00;SAL-0066-001
42bc2df9-5be4-4ce7-9f1d-4296aedd1924;bfd19a43-6518-4f6a-94c8-2dbe760ff01e;عماره النرجس;Residential;Small (100-1,000 m²);Foundation Works / Substructure;Riyadh;النرجس;https://maps.app.goo.gl/DKxfmR2wrXhy5w1u5;Active;;2026-01-18 14:11:41.832422+00;2026-01-28 19:13:15.356668+00;SAL-0023-001
77932174-045b-4b98-9cbf-739b751be159;c734a349-e886-4be1-8693-4c0c6e5cfa84;فيلل النرجس;Residential;Small (100-1,000 m²);Finishing Works;Riyadh;النرجس;https://maps.app.goo.gl/exCpW1ay6BBvP8oi7;Active;;2026-01-17 15:35:04.937107+00;2026-01-28 19:13:15.356668+00;SAL-0018-001
b9289f3d-1ac7-49ec-8175-dd457dd1b5a3;c908c2cf-033a-4056-bcd2-dc2291307a4c;فيلا النرجس;Residential;Small (100-1,000 m²);Foundation Works / Substructure;Riyadh;النرجس;https://maps.app.goo.gl/ps2YZPX3vpdLQWoC7;Active;;2026-01-17 10:56:43.124012+00;2026-01-28 19:13:15.356668+00;SAL-0008-001
6b9bd8d2-64ed-44e2-99a0-083a0091dd05;c91bfd91-9e6d-4a4f-b044-5b0bcaebaecb;فيلل النرجس;Residential;Medium (1,000-10,000 m²);Masonry & MEP Works;Riyadh;النرجس;https://maps.app.goo.gl/KToortKEpqWVQDr56;Active;;2026-01-19 16:25:02.934401+00;2026-01-28 19:13:15.356668+00;SAL-0047-001
b3965ccd-4c37-4369-866f-51639b2b9f98;c942fbb3-9c80-4269-8197-023978294af6;فيلل النرجس;Residential;Medium (1,000-10,000 m²);Site Preparation & Fencing;Riyadh;النرجس;https://maps.app.goo.gl/ttjgiaoYNRhmXfVv6;Active;;2026-01-18 14:36:30.332543+00;2026-01-28 19:13:15.356668+00;SAL-0029-001
5f2b2883-882c-48a3-a7ba-8d50141cdd60;c9f1a73e-fb12-4a36-b889-eebefe79cdf5;فيلل النرجس;Residential;Small (100-1,000 m²);Skeleton Works / Superstructure;Riyadh;النرجس;https://maps.app.goo.gl/sv7GDYUH7pziXkxE8;Active;;2026-01-17 15:18:35.377043+00;2026-01-28 19:13:15.356668+00;SAL-0015-001
a25db460-0818-49c2-b768-63b06ee48e44;ccaac7c9-5cc7-41fb-94ab-af853d1704a2;فيلل النرجس;Residential;Small (100-1,000 m²);Site Preparation & Fencing;Riyadh;النرجس;https://maps.app.goo.gl/war8ePABfTzy1BFP8;Active;;2026-01-19 17:48:06.732062+00;2026-01-28 19:13:15.356668+00;SAL-0054-001
785ad08c-296f-4f92-9635-90ff39f581a5;d3c6e77d-0949-4113-9a94-9a196217aa4f;فيلا النرجس;Residential;Small (100-1,000 m²);Finishing Works;Riyadh;النرجس;https://maps.app.goo.gl/tEFp56zbzXbCcPzm6;Active;;2026-01-18 17:29:52.367809+00;2026-01-28 19:13:15.356668+00;SAL-0038-001
ab003c94-c5f5-4e52-8f1d-0284b5a4f860;d7f1437f-9c96-42d9-a38f-0a662ab6a070;فيلل النرجس;Residential;Small (100-1,000 m²);Skeleton Works / Superstructure;Riyadh;النرجس;https://maps.app.goo.gl/vKJ5hpAQPPsAr5Kg9;Active;;2026-01-22 16:38:34.085+00;2026-01-28 19:13:15.356668+00;SAL-0060-001
67be1b59-61ac-4067-b5f1-da6f614fb207;d7f3c221-64f8-4180-805f-c30db8a5b345;عماره النرجس;Residential;Small (100-1,000 m²);Foundation Works / Substructure;Riyadh;النرجس;https://maps.app.goo.gl/5W7ggHEgsQRJBKUB7;Active;;2026-01-27 17:25:08.305323+00;2026-01-28 19:13:15.356668+00;SAL-0078-001
82a2af0f-c024-4c1a-8a94-d1528b3f24e7;d9e9386d-c185-4385-8f8f-e7cecad7a4a8;مشروع النرجس;Residential;Small (100-1,000 m²);Foundation Works / Substructure;Riyadh;النرجس;https://maps.app.goo.gl/ohMxmDGTvVtpQJHo8;Active;;2026-01-22 16:54:30.940029+00;2026-01-28 19:13:15.356668+00;SAL-0064-001
7e6e165d-ed25-425c-94e3-286e3bb47ed9;dbb319cf-1114-4bb5-8997-669ae6adbd86;مشروع الننرجس;Commercial;Small (100-1,000 m²);Skeleton Works / Superstructure;Riyadh;النرجس;https://maps.app.goo.gl/E2EwUCoZxdSdvhvZ6;Active;;2026-01-18 17:54:50.951078+00;2026-01-28 19:13:15.356668+00;SAL-0042-001
9207035e-e59f-4a2b-8d67-88b8e7d11c2a;de914e73-ec80-4c20-99fe-5cd398cff760;فيلا النرجس;Residential;Small (100-1,000 m²);Foundation Works / Substructure;Riyadh;النرجس;https://maps.app.goo.gl/jGQRUvu1Y9RcZ2aRA;Active;;2026-01-18 17:12:18.793348+00;2026-01-28 19:13:15.356668+00;SAL-0036-001
91a7925d-88ea-4c74-ab5b-399075e80302;e18e2bd3-e376-47a6-b833-aea933388ff8;مشروع فيلل النرجس;Residential;Medium (1,000-10,000 m²);Skeleton Works / Superstructure;Riyadh;النرجس;https://maps.app.goo.gl/EcUu83NegB9JpMam7;Active;;2026-01-17 15:38:13.269553+00;2026-01-28 19:13:15.356668+00;SAL-0019-001
9c4c9a51-df5f-4b87-ab2b-2f411a3fd8a4;e7291b26-ca59-4951-bd40-db7a7bced577;مشروع النرجس;Residential;Small (100-1,000 m²);Foundation Works / Substructure;Riyadh;النرجس;https://maps.app.goo.gl/Bxzi9n6csioTUPrr9;Active;;2026-01-22 17:16:29.951621+00;2026-01-28 19:13:15.356668+00;SAL-0069-001
4c488d5b-0bfa-4543-aefb-b07965ac25e3;e8bba952-bcf3-4d38-a19f-9379a562c617;مشروع النرجس;Commercial;Small (100-1,000 m²);Skeleton Works / Superstructure;Riyadh;النرجس;https://maps.app.goo.gl/bvDGSTLxQLfWqpA99;Active;;2026-01-19 16:05:00.229723+00;2026-01-28 19:13:15.356668+00;SAL-0043-001
f12d13fa-a074-4ac8-a345-00510ced4b4f;e9c960a6-55a9-447f-9993-3589568f2e59;فيلا النرجس;Residential;Small (100-1,000 m²);Foundation Works / Substructure;Riyadh;النرجس;https://maps.app.goo.gl/SUJf3y6pRD71DnpK9;Active;;2026-01-17 15:44:10.261551+00;2026-01-28 19:13:15.356668+00;SAL-0020-001
7a512fa1-12ef-4f43-80e0-fc96f5b4b569;eb5ee413-1780-4cd8-b108-78f61740a294;فيلل النرجس;Residential;Small (100-1,000 m²);Foundation Works / Substructure;Riyadh;النرجس;https://maps.app.goo.gl/qBbCtrvbkDBufxzu7;Active;;2026-01-19 16:32:30.288258+00;2026-01-28 19:13:15.356668+00;SAL-0049-001
6518d4a2-1a92-4ce6-ace9-f5493c2dcf4a;a0f8c85b-6b0b-4188-85ac-508001192c65;فيلل العارض;Residential;Small (100-1,000 m²);Foundation Works / Substructure;Riyadh;العارض;24.8742079,46.6114613;Active;;2026-01-30 13:16:11.379921+00;2026-01-30 13:16:11.379921+00;SAL-0090-001
ee14b6c2-a55c-4ff0-8ca7-3e41e04fd209;a595411d-c064-48d5-a051-8877718c2421;عماره العارض;Residential;Small (100-1,000 m²);Foundation Works / Substructure;Riyadh;العارض ;;Active;;2026-01-30 13:33:26.733733+00;2026-01-30 13:33:26.733733+00;SAL-0088-001
39dc1791-6971-4420-b23d-3f5cb177ca5e;0d8a3b7b-5444-41c6-b7ba-c3c6c555b872;فيلا النرجس;Residential;Small (100-1,000 m²);Finishing Works;Riyadh;النرجس;https://maps.app.goo.gl/mLJEASHEZX4RnQrp9;Active;;2026-01-28 18:46:27.945727+00;2026-01-28 19:13:15.356668+00;SAL-0165-001
64dc4bd2-ede4-434b-8ed3-4075c1889914;3d1c0494-414f-4003-959b-da2b29ba6fc5;فيلا النرجس;Residential;Small (100-1,000 m²);Site Preparation & Fencing;Riyadh;النرجس;https://maps.app.goo.gl/QRBRb5Fn3KJVg7RF8;Active;;2026-01-17 10:41:33.326479+00;2026-01-28 19:13:15.356668+00;SAL-0006-001
5af63300-63c2-43d3-91f2-864cc5f9855e;425ea935-204f-432a-bb0b-b70c1b725c92;مشروع العجلان بيزنس;Commercial;Medium (1,000-10,000 m²);Site Preparation & Fencing;Riyadh;النرجس;https://maps.app.goo.gl/netcajrCkDEup2kP6;Active;;2026-01-17 11:02:57.086482+00;2026-01-28 19:13:15.356668+00;SAL-0009-001
3484988f-e44f-4d55-8c41-c405849b18d7;4390ab4a-a91f-4763-8ca1-97888275d91e;فيلل النرجس ;Residential;Small (100-1,000 m²);Foundation Works / Substructure;Riyadh;النرجس;https://maps.app.goo.gl/RY8D8xaL2DxnqH4f9;Active;;2026-01-28 19:04:41.414239+00;2026-01-28 19:13:15.356668+00;SAL-0170-001
9ebf5bb9-0a6f-4496-a570-188dfd0a1a90;44eb4108-d10b-4f8b-9daa-9c9fc942276b;فيلل النرجس;Residential;Small (100-1,000 m²);Foundation Works / Substructure;Riyadh;النرجس;https://maps.app.goo.gl/sHu5koU1P8UeE5Du9;Active;;2026-01-17 10:24:20.206882+00;2026-01-28 19:13:15.356668+00;SAL-0004-001
b5c88743-824c-462e-9bd4-28c19df74330;56bd1e6c-0747-4772-a044-f79867a8fb49;مسجد النرجس;Other;Small (100-1,000 m²);Site Preparation & Fencing;Riyadh;النرجس;https://maps.app.goo.gl/NqxTp5XDaKcJmz5NA;Active;;2026-01-17 11:30:21.062019+00;2026-01-28 19:13:15.356668+00;SAL-0012-001
08ea8aa3-d7e7-41e1-bfe9-8cce64b49441;7fc79cbf-3c97-41af-af84-fd88d305ebdc;مشروع فيلل النرجس;Residential;Medium (1,000-10,000 m²);Skeleton Works / Superstructure;Riyadh;النرجس;https://maps.app.goo.gl/notqgXLfPVBMo5pa7;Active;;2026-01-11 16:43:11.549943+00;2026-01-28 19:13:15.356668+00;SAL-0001-001
e385d01d-5113-4e27-884d-0fa06b546d40;8812a04c-5e0c-4da6-98b7-68d2f90a89b4;فيلا النرجس;Residential;Medium (1,000-10,000 m²);Site Preparation & Fencing;Riyadh;النرجس;https://maps.app.goo.gl/MMDXsFwAHYsPXLGb6;Active;;2026-01-17 11:11:07.207085+00;2026-01-28 19:13:15.356668+00;SAL-0010-001
24827b53-e102-4a7a-9346-eb72bffcfe42;9664ac41-9fd5-4d57-8d04-e7233ee878d8;فيلل النرجس;Residential;Small (100-1,000 m²);Foundation Works / Substructure;Riyadh;النرجس;https://maps.app.goo.gl/TLyPCrZKL94pFRno7;Active;;2026-01-17 15:14:36.3817+00;2026-01-28 19:13:15.356668+00;SAL-0014-001
ea8a7eec-a476-40ed-b8bb-65e536f1cc50;9ca1870b-efb4-4324-a1a5-8260f8e27b02;فيلا النرجس;Residential;Small (100-1,000 m²);Finishing Works;Riyadh;النرجس;https://maps.app.goo.gl/ptfAJbo8apTLCHkV6;Active;;2026-01-17 15:30:31.575881+00;2026-01-28 19:13:15.356668+00;SAL-0017-001
2eeda564-bd19-4ef6-ad4c-33880308681c;9d0af433-2ec6-4635-9c5e-478c5f1b3fac;مشروع تجاري 1;Commercial;Large (10,000-100,000 m²);Foundation Works / Substructure;Riyadh;النرجس;https://maps.app.goo.gl/VFm7Zq1g1qxMoqgFA;Active;;2026-01-13 17:49:07.241863+00;2026-01-28 19:13:15.356668+00;SAL-0003-001
68a1bdf3-d7a5-4de0-b65e-792911864bbd;a00c76a6-8572-4fec-9f45-fe37547c95e6;مشروع فيو النرجس;Residential;Small (100-1,000 m²);Foundation Works / Substructure;Riyadh;النرجس;https://maps.app.goo.gl/ZvsEcCWfZB8WbmbL9;Active;;2026-01-17 10:37:01.644678+00;2026-01-28 19:13:15.356668+00;SAL-0005-001
b9f940ae-fd73-4489-a0d1-4e6e5978f18e;b1aed73b-f2c4-457c-ab2a-7fa5d37a597d;فيلل إزدان النرجس;Residential;Medium (1,000-10,000 m²);Masonry & MEP Works;Riyadh;النرجس;https://maps.app.goo.gl/Zbjft1EgBB59SvGA6;Active;;2026-01-17 15:24:06.448427+00;2026-01-28 19:13:15.356668+00;SAL-0016-001
dd286584-fa54-4c1c-86c1-c4b775eed5df;7cd92328-562b-4f23-958d-d606303373cc;فيلا العارض;Residential;Small (100-1,000 m²);Skeleton Works / Superstructure;Riyadh;العارض;;Active;;2026-01-30 13:45:34.596943+00;2026-01-30 13:45:34.596943+00;SAL-0097-001
190d5c98-267a-44be-b36d-90a3af5391a7;44eba481-6f0e-40c6-b446-cd37bdd9f1d0;فيلا النرجس;Residential;Small (100-1,000 m²);Masonry & MEP Works;Riyadh;العارض;;Active;;2026-01-30 13:55:07.784323+00;2026-01-30 13:55:07.784323+00;SAL-0101-001
087e11b7-97cd-4432-b8c0-1c25319ace3b;9d1571e8-3bfb-47d2-b028-ba101a2ad0e2;فيلا العارض;Residential;Small (100-1,000 m²);Skeleton Works / Superstructure;Riyadh;العارض;;Active;;2026-01-30 14:13:46.73257+00;2026-01-30 14:13:46.73257+00;SAL-0105-001
4204bfb0-a1f7-477e-b44f-fe90e839baf6;c8845689-ee7e-471d-9b6b-b589950052f3;فيلا العارض;Residential;Small (100-1,000 m²);Finishing Works;Riyadh;العارض;24.8681595,46.6166939;Active;;2026-01-30 14:31:37.800332+00;2026-01-30 14:31:37.800332+00;SAL-0110-001
624d3768-edf5-468c-a183-ae08a363d39e;5457a306-399b-4de9-bb2c-706e214c9565;فيلا العارض;Residential;Small (100-1,000 m²);Masonry & MEP Works;Riyadh;العارض;24.87377,46.6105549;Active;;2026-01-30 14:34:20.472656+00;2026-01-30 14:34:20.472656+00;SAL-0111-001
0575d353-0bcc-4e38-a36a-0d97980d5393;b199b0a4-da20-4d32-b221-14e3991e973c;فيلا العارض;Residential;Small (100-1,000 m²);Skeleton Works / Superstructure;Riyadh;العارض;24.8821413,46.6259976;Active;;2026-01-30 14:36:23.397485+00;2026-01-30 14:36:23.397485+00;SAL-0112-001
72851024-3da6-417a-9e5d-c58644280dd1;0a961592-f75c-4373-9173-88c69f864f6d;فيلا العارض ;Residential;Small (100-1,000 m²);Skeleton Works / Superstructure;Riyadh;العارض;24.8923904,46.601121;Active;;2026-01-30 14:49:21.356228+00;2026-01-30 14:49:21.356228+00;SAL-0115-001
9a94336f-893b-454f-8aab-b9171c4f9074;5f60de57-6498-498f-b027-3fc63738efaf;فيلل العارض;Residential;Small (100-1,000 m²);Masonry & MEP Works;Riyadh;العارض;24.8682532,46.6158185;Active;;2026-01-30 17:54:20.439974+00;2026-01-30 17:54:20.439974+00;SAL-0118-001
a88fd955-0e21-4890-b77b-46f8981db34b;73e42847-ad19-4eaa-a176-0d776aad31a7;فيلل العارض;Residential;Small (100-1,000 m²);Skeleton Works / Superstructure;Riyadh;العارض;24.8964759,46.6175652;Active;;2026-01-30 18:08:54.877861+00;2026-01-30 18:08:54.877861+00;SAL-0122-001
cda4d774-b3bf-45c3-a3f2-316ea9895e35;42df9df6-857a-4d46-95b3-daeedf4920d7;عماير العارض;Residential;Small (100-1,000 m²);Masonry & MEP Works;Riyadh;العارض;;Active;;2026-01-30 18:10:50.952232+00;2026-01-30 18:10:50.952232+00;SAL-0123-001
1e9021d8-bd88-4228-99d6-6d7cec36c2ef;9f8dddd7-23c3-4752-90b1-c798fa1fc3f1;فيلا العارض ;Residential;Small (100-1,000 m²);Finishing Works;Riyadh;العارض;24.889195,46.603325;Active;;2026-01-30 18:24:27.141511+00;2026-01-30 18:24:27.141511+00;SAL-0157-001
826eff70-bf07-4b45-9d3f-597300665c03;65c354f0-02b6-477d-9805-c9fbd8cf8771;فيلا العارض ;Residential;Small (100-1,000 m²);Masonry & MEP Works;Riyadh;العارض;;Active;;2026-01-30 18:35:15.18597+00;2026-01-30 18:35:15.18597+00;SAL-0127-001
1f664cce-c91f-4578-9909-0272a398abfb;5ca2f67d-7901-466d-a717-805bc9395847;فيلل النرجس;Residential;Small (100-1,000 m²);Foundation Works / Substructure;Riyadh;العارض;24.8866189,46.6017249;Active;;2026-01-30 18:45:20.060395+00;2026-01-30 18:45:20.060395+00;SAL-0132-001
1ff7c500-1608-403f-9399-cdfede9e201b;ca92f127-17da-4772-b6e5-cce6c803f928;فيلل العارض;Residential;Small (100-1,000 m²);Skeleton Works / Superstructure;Riyadh;العارض;24.90008,46.6066448;Active;;2026-01-30 18:55:18.149268+00;2026-01-30 18:55:18.149268+00;SAL-0137-001
4ef4398e-301c-4034-a3d1-1de0957a5a59;5663b711-6b9a-40c3-9724-10bf16565caf;فيلل العارض;Residential;Small (100-1,000 m²);Skeleton Works / Superstructure;Riyadh;العارض;24.9011743,46.6078096;Active;;2026-01-30 19:00:51.250523+00;2026-01-30 19:00:51.250523+00;SAL-0140-001
b2af0214-c58a-4f10-b4be-a0641af60346;d88f75b9-2d8c-4e1b-9e3b-27a62aca14b6;عماره العارض;Residential;Small (100-1,000 m²);Skeleton Works / Superstructure;Riyadh;العارض;الرياض;Active;;2026-01-30 19:12:45.443822+00;2026-01-30 19:12:45.443822+00;SAL-0143-001
533173ba-2457-4e1c-9863-1a4a77dd02ea;fc9f62e5-b30c-4466-8e5f-79ecc327f86e;عماره العارض;Residential;Small (100-1,000 m²);Skeleton Works / Superstructure;Riyadh;العارض;;Active;;2026-01-30 19:36:17.569851+00;2026-01-30 19:36:17.569851+00;SAL-0155-001
e316389b-b4e5-4170-9ad1-6129d40e15a4;3a524b67-5823-4356-816c-792272e627d8;فيلل الصفا;Residential;Small (100-1,000 m²);Skeleton Works / Superstructure;Riyadh;الصفا;https://maps.app.goo.gl/T4L3xvr6onkr7UMb9;Active;;2026-02-21 12:14:49.584526+00;2026-02-21 12:14:49.584526+00;SAL-0174-001
7b85b47e-7fb4-4358-924d-553ad213b7a0;79d0845f-2194-4461-baf3-6978cd46fdd2;فيلل العارض;Residential;Small (100-1,000 m²);Foundation Works / Substructure;Riyadh;العارض;24.8627143,46.6123612;Active;;2026-01-30 13:20:18.520055+00;2026-01-30 13:20:18.520055+00;SAL-0091-001
c6ab0665-312f-4d6e-a3ca-04b2e34065bc;d734fe18-0b63-42a1-a38a-ae61da88af4c;فيلا العارض;Residential;Small (100-1,000 m²);Masonry & MEP Works;Riyadh;العارض;24.8846942,46.6048917;Active;;2026-01-30 13:35:37.629618+00;2026-01-30 13:35:37.629618+00;SAL-0162-001
047e6d0f-c891-40d7-b455-5e1d4fe72d1f;b1ab4935-369c-4502-b2d4-bd946379be3b;فيلل العارض;Residential;Small (100-1,000 m²);Skeleton Works / Superstructure;Riyadh;العارض;;Active;;2026-01-30 13:37:33.201297+00;2026-01-30 13:37:33.201297+00;SAL-0161-001
899eb1d8-7065-4816-907f-5b2886fb3a7f;a4fbe6ba-ea3c-47b7-9f25-39384225171c;فيلا العارض;Residential;Small (100-1,000 m²);Skeleton Works / Superstructure;Riyadh;العارض;;Active;;2026-01-30 13:47:05.035097+00;2026-01-30 13:47:05.035097+00;SAL-0098-001
246437fe-fc4c-4cdb-abe7-7106ce215765;afbab8f9-6455-4a9a-b1a6-de930e29c210;فيلا النرجس;Residential;Small (100-1,000 m²);Skeleton Works / Superstructure;Riyadh;العارض;24.8839202,46.618062;Active;;2026-01-30 13:57:19.388998+00;2026-01-30 13:57:19.388998+00;SAL-0102-001
00f17918-10c5-4089-b229-4885f2b2dca4;6937199b-bca1-42ea-a825-b970bfe0095e;فيلل العارض;Residential;Small (100-1,000 m²);Foundation Works / Substructure;Riyadh;العارض;24.8710453,46.6049129;Active;;2026-01-30 14:16:27.968583+00;2026-01-30 14:16:27.968583+00;SAL-0106-001
e7766990-046a-4a9a-b1cf-375ccc09f833;fce58f5c-dafd-495e-b89e-db5905de72c3;عماره العارض;Residential;Small (100-1,000 m²);Masonry & MEP Works;Riyadh;العارض;;Active;;2026-01-30 14:38:59.225697+00;2026-01-30 14:38:59.225697+00;SAL-0113-001
70532cb6-cbfd-4880-91aa-0959188a613a;99ffe716-6d2d-4049-bb55-e18815cd2fb8;مشروع فيلل العارض;Residential;Medium (1,000-10,000 m²);Site Preparation & Fencing;Riyadh;العارض;24.9021772,46.61146;Active;;2026-01-30 14:52:17.273308+00;2026-01-30 14:52:17.273308+00;SAL-0124-001
f0034088-1241-4948-a5b0-f36ed08d4e36;8626a837-caad-4566-82d7-9e706625288a;فيلل العارض;Residential;Small (100-1,000 m²);Masonry & MEP Works;Riyadh;العارض;24.880982,46.6094485;Active;;2026-01-30 17:56:53.058133+00;2026-01-30 17:56:53.058133+00;SAL-0119-001
220ae1b2-121f-4518-9821-e77b34f92d1b;3b57987b-d939-49e8-991a-0738fa944030;فيلل العارض;Residential;Small (100-1,000 m²);Skeleton Works / Superstructure;Riyadh;العارض;;Active;;2026-01-30 18:14:48.624417+00;2026-01-30 18:14:48.624417+00;SAL-0125-001
8b8b8376-87dd-4522-80e7-4db8866aadf9;702d0880-0d70-46b8-8413-9d9b2bf7cb94;فيلل العارض;Residential;Small (100-1,000 m²);Foundation Works / Substructure;Riyadh;العارض;24.8657795,46.6172603;Active;;2026-01-30 18:26:34.890472+00;2026-01-30 18:26:34.890472+00;SAL-0128-001
26779eb9-aae6-4748-80c1-389b52b6d780;702d0880-0d70-46b8-8413-9d9b2bf7cb94;مشروع اليحي;Residential;Small (100-1,000 m²);Masonry & MEP Works;Riyadh;اليحي;;Active;;2026-01-30 18:28:33.4252+00;2026-01-30 18:28:33.4252+00;SAL-0128-004
6f083930-0f60-4910-aa9b-5b9c174c5163;4a789fa6-e00f-4a0c-9f1e-f49c90adaef1;عماير النرجس;Residential;Small (100-1,000 m²);Masonry & MEP Works;Riyadh;العارض;;Active;;2026-01-30 18:37:47.907178+00;2026-01-30 18:37:47.907178+00;SAL-0130-001
30620541-93da-4444-bb17-777a5ae9572c;8c877e2d-bc5f-4c3a-b439-f6aee293cc14;فيلل النرجس;Residential;Small (100-1,000 m²);Foundation Works / Substructure;Riyadh;العارض;24.8991828,46.6063459;Active;;2026-01-30 18:47:27.385315+00;2026-01-30 18:47:27.385315+00;SAL-0133-001
962d4245-929d-494a-afe6-0e4b3b1c10ec;59803054-6bce-4047-9a01-6d0274d77a5f;فيلا العارض ;Residential;Small (100-1,000 m²);Finishing Works;Riyadh;العارض;;Active;;2026-01-30 18:56:59.491948+00;2026-01-30 18:56:59.491948+00;SAL-0138-001
08bba41c-d32f-4afa-80dc-ad117e1d18c6;413b87fb-d981-499c-a486-007192b6ee83;فيلا العارض;Residential;Small (100-1,000 m²);Skeleton Works / Superstructure;Riyadh;العارض;;Active;;2026-01-30 19:02:17.981977+00;2026-01-30 19:02:17.981977+00;SAL-0141-001
3459c405-be75-430e-add4-13f80c9736b2;f8d17469-7fa3-404e-bf4f-2ea2d6e79abe;فيلا العارض;Residential;Small (100-1,000 m²);Skeleton Works / Superstructure;Riyadh;العارض;24.8764776,46.6180408;Active;;2026-01-30 19:18:27.985377+00;2026-01-30 19:18:27.985377+00;SAL-0154-001
2038afd4-a9f1-4b79-ae24-8e8564d2c909;e822134a-92d7-4e5f-b944-2b45bc0545f0;فيلل الصفا;Residential;Small (100-1,000 m²);Foundation Works / Substructure;Riyadh;الصفا;https://maps.app.goo.gl/k1ZNQArHrpUFB73g8;Active;;2026-02-21 12:03:45.272304+00;2026-02-21 12:03:45.272304+00;SAL-0172-001
cb1c17aa-7d44-4eb4-b644-25adf2c4c14e;d31b9669-ca26-408e-8a65-1f57488ffff7;فيلل النرجس;Residential;Small (100-1,000 m²);Skeleton Works / Superstructure;Riyadh;الصفا;https://maps.app.goo.gl/mrmZKVTrUFmZGTNR7;Active;;2026-02-21 12:22:21.705153+00;2026-02-21 12:22:21.705153+00;SAL-0175-001
f1c547e5-eaf5-43ce-88bc-e40dd3359e2d;dbec863e-8988-4678-b0ad-1ea62e9fb775;عماره العارض;Residential;Small (100-1,000 m²);Skeleton Works / Superstructure;Riyadh;العارض;24.8948172,46.6129114;Active;;2026-01-30 13:22:31.843159+00;2026-01-30 13:22:31.843159+00;SAL-0092-001
f54fbdb5-cfae-43cb-b272-53b9c06dd2ae;745a8c98-d9a0-4eb2-8b2b-d4ab06118476;فيلل العارض;Residential;Medium (1,000-10,000 m²);Masonry & MEP Works;Riyadh;العارض;;Active;;2026-01-30 13:39:45.031334+00;2026-01-30 13:39:45.031334+00;SAL-0095-001
ed78513f-3aec-4b9a-8054-d9db33f39e0e;3962a0f2-9b46-4628-ab39-c1e646b92b3f;فيلا العارض;Residential;Small (100-1,000 m²);Masonry & MEP Works;Riyadh;العارض;;Active;;2026-01-30 13:50:13.260469+00;2026-01-30 13:50:13.260469+00;SAL-0099-001
42730b06-4b16-4b62-b7ec-ef176545708e;682eacf0-5629-46f9-aa95-30bfdb9776a4;فيلل العارض;Residential;Small (100-1,000 m²);Skeleton Works / Superstructure;Riyadh;العارض;24.8795378,46.6044217;Active;;2026-01-30 14:00:49.317274+00;2026-01-30 14:00:49.317274+00;SAL-0103-001
4a3582bb-66c0-4c26-8d58-db01375646a6;cca97ab9-3415-40f1-81a9-ced8e321e277;فيلا العارض ;Residential;Small (100-1,000 m²);Skeleton Works / Superstructure;Riyadh;العارض;24.8750294,46.6081935;Active;;2026-01-30 14:23:36.070976+00;2026-01-30 14:23:36.070976+00;SAL-0107-001
db2e2116-4826-4457-aa3f-82754d0ff1df;3cda4440-a5f3-4c9f-995e-187e0ec060ab;فيلل العارض;Residential;Small (100-1,000 m²);Masonry & MEP Works;Riyadh;العارص;;Active;;2026-01-30 14:25:19.955801+00;2026-01-30 14:25:19.955801+00;SAL-0108-001
fcf80a4b-d4e9-4359-9b02-942317dc5aec;aa12d550-2268-4261-8ae8-f7c05a1fbe4a;فيلا العارض;Residential;Small (100-1,000 m²);Skeleton Works / Superstructure;Riyadh;العارض;;Active;;2026-01-30 14:44:52.468875+00;2026-01-30 14:44:52.468875+00;SAL-0114-001
5b471cfc-1a7b-402c-a627-e89c6a90c405;99ffe716-6d2d-4049-bb55-e18815cd2fb8;الجاده الاولي;Residential;Medium (1,000-10,000 m²);Foundation Works / Substructure;Riyadh;الهدي;24.6765175,46.6481321;Active;;2026-01-30 14:54:34.495307+00;2026-01-30 14:54:34.495307+00;SAL-0124-002
332da834-1fa2-4776-80ba-c9694da34bf5;6bb07783-7e10-4d7a-a8fa-2fdc083a97be;فيلل النرجس;Residential;Small (100-1,000 m²);Masonry & MEP Works;Riyadh;العارض;24.8693379,46.6237605;Active;;2026-01-30 17:59:30.916944+00;2026-01-30 17:59:30.916944+00;SAL-0126-001
048139a4-5b6c-4604-8eea-854788c16213;cb7d3d27-4dc7-406f-acbe-7194e1aeaa06;عماير العارض;Residential;Small (100-1,000 m²);Finishing Works;Riyadh;العارض;;Active;;2026-01-30 18:01:54.658365+00;2026-01-30 18:01:54.658365+00;SAL-0120-001
69122e92-f3c8-482a-a19e-b5992bc608f5;f742602b-dbfb-4be7-b5ae-39cedbcb85fb;فيلل العارض;Residential;Small (100-1,000 m²);Skeleton Works / Superstructure;Riyadh;العارض;24.8796674,46.6199613;Active;;2026-01-30 18:17:58.587775+00;2026-01-30 18:17:58.587775+00;SAL-0159-001
af038a54-6f71-47d0-b41f-0ff9584acd63;702d0880-0d70-46b8-8413-9d9b2bf7cb94;مشروع الصفا;Residential;Small (100-1,000 m²);Skeleton Works / Superstructure;Riyadh;الصفا;;Active;;2026-01-30 18:27:26.934385+00;2026-01-30 18:27:26.934385+00;SAL-0128-002
6f10f20f-1c90-4a6b-a51e-6f0fee6decb1;702d0880-0d70-46b8-8413-9d9b2bf7cb94;مشروع الربوه;Residential;Small (100-1,000 m²);Skeleton Works / Superstructure;Riyadh;الربوه;;Active;;2026-01-30 18:27:58.575761+00;2026-01-30 18:27:58.575761+00;SAL-0128-003
93c49b87-d59f-4f63-ac30-36f5574a6b4f;956392a9-2971-4e08-b963-994e5f1f1098;فيلل العارض;Residential;Small (100-1,000 m²);Foundation Works / Substructure;Riyadh;العارض ;24.8726768,46.6068438;Active;;2026-01-30 18:40:30.284871+00;2026-01-30 18:40:30.284871+00;SAL-0129-001
10f53414-efaa-4dac-b0ce-549f429fa583;9ce81c48-d17a-4579-9e75-6c7cfb37d49c;عماره العارض;Residential;Small (100-1,000 m²);Skeleton Works / Superstructure;Riyadh;العارض ;24.8955359,46.6047752;Active;;2026-01-30 18:49:50.955054+00;2026-01-30 18:49:50.955054+00;SAL-0134-001
ab5f61cc-cb14-44a6-a7f2-ea276b1d186f;32219a75-0080-426f-9894-92789d7e0768;فيلل العارض;Residential;Small (100-1,000 m²);Masonry & MEP Works;Riyadh;العارض ;;Active;;2026-01-30 18:58:27.841832+00;2026-01-30 18:58:27.841832+00;SAL-0139-001
ff6f2234-39de-44a5-99d4-7bc36c82c8f0;51fc500a-5892-494b-a93b-6805c50dda3b;فيلل العارض;Residential;Small (100-1,000 m²);Skeleton Works / Superstructure;Riyadh;العارض;;Active;;2026-01-30 19:03:58.948482+00;2026-01-30 19:03:58.948482+00;SAL-0142-001
c1b622c0-bc00-44d3-8354-396fbb8ce46e;f9ca592d-6687-4a9e-86db-953befca6356;فيلا العارض;Residential;Small (100-1,000 m²);Finishing Works;Riyadh;العارض;;Active;;2026-01-30 19:34:31.94246+00;2026-01-30 19:34:31.94246+00;SAL-0144-001
c7b5e280-7c20-452e-8b7a-a8a81e894edd;87882c57-a675-4b4d-88fb-fd78bf7bb773;فيلل الصفا;Residential;Small (100-1,000 m²);Finishing Works;Riyadh;الصفا;https://maps.app.goo.gl/x7CowEYidhVVcDiEA;Active;;2026-02-21 12:08:24.346496+00;2026-02-21 12:08:24.346496+00;SAL-0173-001
73123026-b4ad-409d-bd6e-2cc658c8d592;5b764f56-42c9-42da-8a3c-c0c80657e703;فيلل الصفا;Residential;Small (100-1,000 m²);Skeleton Works / Superstructure;Riyadh;الصفا;https://maps.app.goo.gl/sq86RbquVaeU6ix47;Active;;2026-02-21 12:32:08.216967+00;2026-02-21 12:32:08.216967+00;SAL-0176-001
180ceb66-8a2d-4e4b-b70c-93ccaafcc30f;c810beeb-522c-497e-9064-d18c92de5f43;فيلا العارض;Residential;Small (100-1,000 m²);Foundation Works / Substructure;Riyadh;العارض;24.863545,46.6134637;Active;;2026-01-30 13:25:47.588316+00;2026-01-30 13:25:47.588316+00;SAL-0093-001
54f3a04d-72c5-4670-b2b8-0d0108bd492c;44ab78ac-7393-4b06-be4f-1e6fa6006528;فيلا النرجس;Residential;Small (100-1,000 m²);Masonry & MEP Works;Riyadh;العارض;24.8775774,46.6154012;Active;;2026-01-30 13:42:13.405658+00;2026-01-30 13:42:13.405658+00;SAL-0160-001
d0f7bd98-9feb-4ebb-bd59-aac1eba9ef25;0ba963b2-c0a4-4df5-9728-fe440ebaf546;فيلل العارض;Residential;Small (100-1,000 m²);Skeleton Works / Superstructure;Riyadh;العارض;;Active;;2026-01-30 13:52:55.704732+00;2026-01-30 13:52:55.704732+00;SAL-0100-001
92576bff-4436-42c1-aeb8-a420162438c1;de3447d4-55a6-4868-bf80-155cd34914ca;عماره العارض;Residential;Small (100-1,000 m²);Skeleton Works / Superstructure;Riyadh;العارض ;;Active;;2026-01-30 14:11:47.550588+00;2026-01-30 14:11:47.550588+00;SAL-0104-001
cbc4931b-04ef-4244-b810-425304c443ce;aa82ebd0-ac13-450c-a41e-01dcaacd86dd;فيلل العاض;Residential;Small (100-1,000 m²);Skeleton Works / Superstructure;Riyadh;العارض;24.8757351,46.6057529;Active;;2026-01-30 14:28:10.393281+00;2026-01-30 14:28:10.393281+00;SAL-0109-001
a82b81c7-0150-4624-a0f6-35ec38edcf89;aa12d550-2268-4261-8ae8-f7c05a1fbe4a;فيلا العماريه;Residential;Small (100-1,000 m²);Skeleton Works / Superstructure;Riyadh;العماريه;24.75697898864746,46.33170700073242;Active;;2026-01-30 14:46:25.771011+00;2026-01-30 14:46:25.771011+00;SAL-0114-002
b0f4252b-24ae-43dc-8833-cf545fe2a7c0;c733dfcd-d3f8-4b57-83bf-283d85b7b603;فيلا العارض;Residential;Small (100-1,000 m²);Skeleton Works / Superstructure;Riyadh;العارض;;Active;;2026-01-30 17:44:20.387621+00;2026-01-30 17:44:20.387621+00;SAL-0116-001
7f1c6227-ce0e-421c-be75-d5770b8fe1c9;51d6f583-3437-47a9-9e2f-45227711758a;فيلا العارض;Residential;Small (100-1,000 m²);Skeleton Works / Superstructure;Riyadh;العارض;24.8926172,46.6211465;Active;;2026-01-30 18:04:01.357935+00;2026-01-30 18:04:01.357935+00;SAL-0121-001
41d93c9f-b1ef-4034-8dc9-807a30b7c62a;c70b8d2d-0f42-4827-8f4d-83a170809b98;فيلا العارض ;Residential;Small (100-1,000 m²);Finishing Works;Riyadh;العارض;24.8519461,46.6075545;Active;;2026-01-30 18:20:21.227774+00;2026-01-30 18:20:21.227774+00;SAL-0158-001
c6d2eb3c-283d-4695-9626-c94acd00d12d;0e97e1b8-60b6-4609-a356-a2639bceecee;فيلا للنرجس;Residential;Small (100-1,000 m²);Finishing Works;Riyadh;النرجس;https://maps.app.goo.gl/ZEXiQg82MebsyNom6;Active;;2026-01-28 19:00:58.560324+00;2026-01-28 19:13:15.356668+00;SAL-0169-001
33b627ac-d076-42f1-9699-6c3b15ee0068;2288bd22-ff46-4f4c-9129-cac8f4ee22f0;فيلل النرجس ;Residential;Small (100-1,000 m²);Finishing Works;Riyadh;النرجس;https://maps.app.goo.gl/TFyrQvbHEJCWBRqt5;Active;;2026-01-27 17:35:33.21953+00;2026-01-28 19:13:15.356668+00;SAL-0081-001
6dec964d-5cc6-45a5-b816-6aaf4f2f97e4;34679170-5dec-4c99-8eeb-77a46491093f;فيلل النرجس;Residential;Small (100-1,000 m²);Skeleton Works / Superstructure;Riyadh;النرجس;https://maps.app.goo.gl/bmURWh9yiE41mLfWA;Active;;2026-01-28 18:51:21.590098+00;2026-01-28 19:13:15.356668+00;SAL-0166-001
245f5a2b-d589-4a86-bbfb-e1ced674ef5f;5ac3801c-c10b-4b75-b6c4-1ce10714a0c2;فيلل النرجس;Residential;Small (100-1,000 m²);Skeleton Works / Superstructure;Riyadh;النرجس;https://maps.app.goo.gl/TFbqSRrkWC1fsuzR8;Active;;2026-01-27 18:15:08.408304+00;2026-01-28 19:13:15.356668+00;SAL-0085-001
051928ef-e7e1-4b07-9f14-8de186659ddf;65781e17-8c7a-44db-a428-27aa425a0930;مشروع إداري النرجس;Commercial;Medium (1,000-10,000 m²);Foundation Works / Substructure;Riyadh;النرجس;https://maps.app.goo.gl/CXh8b22xGMw68dyHA;Active;;2026-01-28 19:09:14.154045+00;2026-01-28 19:13:15.356668+00;SAL-0171-001
ce422840-785c-4599-b140-2f6e5c4379b9;81c3ac53-1d64-4fb0-b39b-768a169b40be;فيلل النرجس;Residential;Medium (1,000-10,000 m²);Skeleton Works / Superstructure;Riyadh;النرجس;https://maps.app.goo.gl/1hC6CwY3qrrBspMN8;Active;;2026-01-27 18:11:27.393431+00;2026-01-28 19:13:15.356668+00;SAL-0084-001
712ba811-e15b-449b-aad1-dcb6dc8d06db;ae562b5f-7eac-4c11-b52a-e4e2c3e930cf;فيلا النرجس;Residential;Small (100-1,000 m²);Skeleton Works / Superstructure;Riyadh;النرجس;https://maps.app.goo.gl/ov956kWi4ApmwhC99;Active;;2026-01-27 17:32:44.097895+00;2026-01-28 19:13:15.356668+00;SAL-0080-001
789f84c1-962e-4247-b9d0-f5cc595cd965;ddfffc2d-98c4-4d01-973d-a9ac203c86f5;فيلل النرجس;Residential;Small (100-1,000 m²);Foundation Works / Substructure;Riyadh;النرجس ;https://maps.app.goo.gl/gng4xY6oNS4FALbh9;Active;;2026-01-27 18:08:24.417706+00;2026-01-28 19:13:15.356668+00;SAL-0083-001
ac51d5fa-d192-4c58-9874-f7a528a96ec6;eb748f94-3462-418a-8f6b-237d2279b66f;فيلل النرجس;Residential;Small (100-1,000 m²);Foundation Works / Substructure;Riyadh;النرجس;https://maps.app.goo.gl/8cXRY9WK7ZzMDMMr8;Active;;2026-01-19 16:29:08.801925+00;2026-01-28 19:13:15.356668+00;SAL-0048-001
8afccef7-e871-4c30-8967-ea1632fd0f97;ebf8900c-1e66-4010-af7f-1286e577b9d3;فيلل النرجس;Residential;Small (100-1,000 m²);Masonry & MEP Works;Riyadh;النرجس;https://maps.app.goo.gl/g91DcE6xh4LKszHS7;Active;;2026-01-22 16:44:27.168306+00;2026-01-28 19:13:15.356668+00;SAL-0061-001
b7989bca-8f6d-4e1d-b0b4-516212c088d1;ec2f2dfb-38bb-4d40-82fb-2de61cc90b5f;فيلا النرجس;Residential;Small (100-1,000 m²);Masonry & MEP Works;Riyadh;النرجس;https://maps.app.goo.gl/41rmXgCTVcNmMy9p9;Active;;2026-01-27 17:38:34.077144+00;2026-01-28 19:13:15.356668+00;SAL-0082-001
514844a9-9c09-4919-a917-5912b32e99c1;eff7c402-7699-4854-8f45-8dd1602e78a9;فيلا النرجس ;Residential;Small (100-1,000 m²);Masonry & MEP Works;Riyadh;النرجس;https://maps.app.goo.gl/uafrzsUfjvq8Aw9T7;Active;;2026-01-28 18:34:32.189064+00;2026-01-28 19:13:15.356668+00;SAL-0163-001
a0975d1a-da27-4d80-922e-4e3aea8edddd;f057119a-da40-46fd-b277-d4a8a751af56;فيلل النرجس;Residential;Medium (1,000-10,000 m²);Finishing Works;Riyadh;النرجس;https://maps.app.goo.gl/BPYc2EbioireS8S38;Active;;2026-01-22 16:56:42.670254+00;2026-01-28 19:13:15.356668+00;SAL-0065-001
505492d0-fdf9-487d-9621-d649fde49103;f2891238-9543-4902-9d04-fbc4020fe97b;فيلل النرجس;Residential;Small (100-1,000 m²);Foundation Works / Substructure;Riyadh;النرجس;https://maps.app.goo.gl/maQmGz4Hfq61BikWA;Active;;2026-01-17 15:09:13.950495+00;2026-01-28 19:13:15.356668+00;SAL-0013-001
f64d102d-56db-4665-8e25-89ac9499bdf7;f4ef0cc2-f66d-4eb1-9b9a-45298ea0d27c;مشروع فيلل النرجس;Residential;Medium (1,000-10,000 m²);Skeleton Works / Superstructure;Riyadh;النرجس;https://maps.app.goo.gl/sHu5koU1P8UeE5Du9;Active;;2026-01-11 16:51:33.299737+00;2026-01-28 19:13:15.356668+00;SAL-0002-001
6075aec1-552a-45cf-8889-4c312cd8f12b;f5538f6d-8d80-4465-bafb-aca65f880768;فيلل النرجس;Residential;Small (100-1,000 m²);Skeleton Works / Superstructure;Riyadh;النرجس;https://maps.app.goo.gl/b4oNNhcGQrNeNMJc6;Active;;2026-01-19 16:11:05.290837+00;2026-01-28 19:13:15.356668+00;SAL-0044-001
abc1b65b-afbd-4919-b431-7a187e882665;f7b80199-fd74-4bf6-84d6-465c85766f94;فيلل النرجس;Residential;Small (100-1,000 m²);Foundation Works / Substructure;Riyadh;النرجس;https://maps.app.goo.gl/hFACpNhuCJyyr3pm8;Active;;2026-01-27 17:29:06.420473+00;2026-01-28 19:13:15.356668+00;SAL-0079-001
9df29698-e690-4116-895a-bd0a6072e126;f84b1fb5-9c66-4a2f-be25-62f1ee688190;فيلل النرجس;Residential;Medium (1,000-10,000 m²);Site Preparation & Fencing;Riyadh;النرجس;https://maps.app.goo.gl/4EMyVcUCfKQi8wyA7;Active;;2026-01-18 16:56:37.049824+00;2026-01-28 19:13:15.356668+00;SAL-0033-001
fea4dc04-fd53-4120-b7e8-3e8a48d35c8e;f8d1c1ae-e958-4689-8e6b-7a3b2f8417ff;فيلا العارض;Residential;Medium (1,000-10,000 m²);Foundation Works / Substructure;Riyadh;النرجس;https://maps.app.goo.gl/9nnsuTvmcP2aiDay8;Active;;2026-01-18 14:15:59.707376+00;2026-01-28 19:13:15.356668+00;SAL-0024-001
eb2cff71-b224-48f3-8693-0a418c23f316;f9601d4c-7bbf-4214-b51d-96445ed8f7d0;فيلا النرجس;Residential;Small (100-1,000 m²);Foundation Works / Substructure;Riyadh;النرجس;https://maps.app.goo.gl/ps2YZPX3vpdLQWoC7;Active;;2026-01-17 10:49:52.082769+00;2026-01-28 19:13:15.356668+00;SAL-0007-001
3b5254d0-c1fc-4a3a-94b2-f9229550c09c;b0fbdad6-7915-435e-b52a-50491b218e80;فيلا العارض;Residential;Small (100-1,000 m²);Skeleton Works / Superstructure;Riyadh;العارض;24.8791601,46.611909;Active;;2026-01-30 18:33:28.861118+00;2026-01-30 18:33:28.861118+00;SAL-0087-001
4938a4a3-1630-4ae3-b251-1b2c6ba13bf9;abeb1092-4402-498e-ae90-014b10fc9cb5;فيلل العارض;Residential;Small (100-1,000 m²);Skeleton Works / Superstructure;Riyadh;العارض ;;Active;;2026-01-30 18:42:09.311721+00;2026-01-30 18:42:09.311721+00;SAL-0131-001
46583c2b-99b3-45af-846c-4c2db82065ff;30e9b3ed-84d2-4fb7-b62b-31a36be9e36d;عماير العارض ;Residential;Small (100-1,000 m²);Foundation Works / Substructure;Riyadh;العارض;24.8773046,46.614875;Active;;2026-01-30 18:52:01.989621+00;2026-01-30 18:52:01.989621+00;SAL-0135-001
35936ca4-909b-41ba-a76d-03f57897ed89;1c696264-286d-48d5-a3f3-5f73c515c765;عماره العارض;Residential;Small (100-1,000 m²);Finishing Works;Riyadh;العارض;;Active;;2026-01-30 18:53:28.660496+00;2026-01-30 18:53:28.660496+00;SAL-0136-001
43afa2b8-0fd2-434b-b2b6-8b70a1d3c38f;983e4a50-a173-4764-a48a-21a9397e03a4;عماره العارض;Residential;Small (100-1,000 m²);Finishing Works;Riyadh;العارض;;Active;;2026-01-30 19:05:49.635509+00;2026-01-30 19:05:49.635509+00;SAL-0156-001