id;communication_log_id;follow_up_date;user_id;action;notes;created_at;status_after;priority;follow_up_type;outcome;reminder_enabled;attachments;follow_up_channel;client_response;tags;project_id;opportunity_id
020f50f0-efa6-4c8f-8616-4e581587ccc7;170a1e3d-e498-4e63-b059-59a44434d4b6;2025-12-11 00:00:00+00;cb325dfa-3a82-4e4d-b53b-a752e6410d6a;تم التواصل وعدم الرد وتم إرسال عرض سعر;شكرا على تواصلك معنا ونقدر وقتكم;2025-12-15 12:03:36.136022+00;Closed;Medium;send_quotation;;false;[];Phone call;لم يتم الرد ;[];;
1e9d8288-3278-4f85-8adb-d2287143f208;6f7a7107-5928-415d-ac0b-10667b75bd02;2025-12-14 00:00:00+00;cb325dfa-3a82-4e4d-b53b-a752e6410d6a;متابعه العميل لحين الرد ;;2025-12-15 11:56:30.285111+00;Closed;Medium;follow_up_after_offer;;false;[];WA;لم يتم الرد;[];;
2e75ebbe-9e9a-478a-a935-2f74c5736549;42ab52e9-fb7c-4986-8d87-4d5240216f8c;2025-12-15 00:00:00+00;cb325dfa-3a82-4e4d-b53b-a752e6410d6a;متابعه مع العميل وإرسال عينات بلوك ٢٠ معزول و ٢٠ غير معزول ;;2025-12-15 12:22:20.445413+00;Closed;Medium;follow_up_after_offer;;false;[];WA;يحتاج عينات بلوك ;[];;
3abd9742-d4d6-4147-b74a-96256350e542;9e6d1ffe-800d-437d-82df-267f63e3e255;2025-12-10 00:00:00+00;cb325dfa-3a82-4e4d-b53b-a752e6410d6a;تم التواصل وإرسال عرض سعر;شكرا على تواصلك معنا ونقدر وقتكم ;2025-12-15 12:12:39.072207+00;Closed;Medium;send_quotation;;false;[];Phone call;إرسال عرض سعر ;[];;
3203836b-208b-4f4b-80e9-38f48df29555;450a58fe-a219-4360-85e2-a732bb3332ac;2026-03-01 00:00:00+00;cb325dfa-3a82-4e4d-b53b-a752e6410d6a;متابعه لحين الانتهاء من أعمال الخرسانه;;2026-01-18 14:53:25.975675+00;Open;Medium;general;;false;[];Phone call;;[];771eeec0-704c-426e-95a1-f290d7813c1b;7a0d0162-1b9b-434d-8341-921e3ee06f84
66b4a27a-7c2b-4c3e-80e9-b0458336a4ed;9e6d1ffe-800d-437d-82df-267f63e3e255;2025-12-13 00:00:00+00;cb325dfa-3a82-4e4d-b53b-a752e6410d6a;متابعه العميل لحين الانتهاء من التامين;;2025-12-15 12:12:39.072207+00;Closed;Medium;follow_up_after_offer;;false;[];Phone call;تم التواصل و العميل ف انتظار انتهاء التأمين واستئناف العمل ثم التواصل معنا;[];;
67ad53ca-0173-4619-b152-a721fb65ca8c;42ab52e9-fb7c-4986-8d87-4d5240216f8c;2025-12-11 00:00:00+00;cb325dfa-3a82-4e4d-b53b-a752e6410d6a;تم التواصل وإرسال عرض سعر ;شكرا على تواصلك معنا ونقدر وقتكم ;2025-12-15 12:22:20.445413+00;Closed;Medium;send_quotation;;false;[];Phone call;إرسال عرض سعر ;[];;
b218f9b6-6c14-4349-9de5-84615b2b6189;3966b21d-035e-428e-8979-bc054c578e96;2025-12-16 00:00:00+00;cb325dfa-3a82-4e4d-b53b-a752e6410d6a;تم التواصل وإرسال عرض سعر;شكرا على تواصلك معنا ونقدر وقتكم ;2025-12-16 11:55:12.783059+00;Closed;Medium;send_quotation;;false;[];Phone call;إرسال عرض سعر;[];;
22595e6e-79ba-4480-a195-b25c353b3aa2;475bebf8-dbf9-4ad8-9ea3-34379514d35a;2025-12-16 00:00:00+00;cb325dfa-3a82-4e4d-b53b-a752e6410d6a;تم التواصل وإرسال عرض سعر;شكرا على تواصلك معنا ونقدر وقتكم ;2025-12-16 13:19:25.886427+00;Closed;Medium;send_quotation;;false;[];Phone call;إرسال عرض سعر ;[];;
23ede167-0047-4519-b154-540d48d777d4;475bebf8-dbf9-4ad8-9ea3-34379514d35a;2025-12-16 00:00:00+00;cb325dfa-3a82-4e4d-b53b-a752e6410d6a;تم التواصل بعد عرض السعر ومحتاج عينه بلوك عادي;شكرا على تواصلك معنا ونقدر وقتكم ;2025-12-16 13:23:30.2854+00;Closed;Medium;follow_up_after_offer;;false;[];WA;يحتاج عينه بلوك عادي;[];;
87a0e411-5ca2-491c-88c2-57b1add22358;2aa108a4-8c69-4175-bf61-5cc7d0a90246;2026-02-03 00:00:00+00;cb325dfa-3a82-4e4d-b53b-a752e6410d6a;يحتاج التعامل بالاجل لفتره معينه أو ل ليميت معين وننتظر دراسه الموضوع والرد عليهم;;2026-02-03 10:14:48.880198+00;Closed;Medium;;;false;[];Phone call;;[];;fb831a96-a390-470d-abfe-7538df535085
0c08cc69-435d-4511-95ab-9055aceea509;12511b1c-d9b9-406c-8ef0-4ca568c712f0;2026-01-20 00:00:00+00;cb325dfa-3a82-4e4d-b53b-a752e6410d6a;متابعه لحين الرد وإرسال عرض سعر;;2026-01-19 17:51:02.251848+00;Done;Medium;general;;false;[];Phone call;;[];a25db460-0818-49c2-b768-63b06ee48e44;efbdf474-e4c4-44af-88a4-a725cc75ba5d
85b0ee87-d675-48b1-a300-12a33c2dfc02;1c987332-b46f-4ba1-ba99-d635c97d0c1c;2026-01-24 00:00:00+00;cb325dfa-3a82-4e4d-b53b-a752e6410d6a;اعاده التواصل لحين الرد;;2026-01-22 16:33:38.675639+00;Done;Medium;general;;false;[];Phone call;;[];a850012b-57f2-48a0-86da-e3fa7f15a2f2;ef5db4ae-3f08-467f-88eb-c7320bde6992
25b9fde5-3c95-47f1-8b88-0dcb210f61aa;66b54cf4-00a6-4a22-9849-68f4dd0b9541;2026-02-03 00:00:00+00;cb325dfa-3a82-4e4d-b53b-a752e6410d6a;اعاده الاتصال والمتابعه بعد عرض السعر ;;2026-02-02 10:09:04.722849+00;Done;Medium;;;false;[];Phone call;;[];;e326cd41-e559-4106-880c-dec5efeb3da6
53f59c89-c979-4826-8750-49dba8d2e31c;66b54cf4-00a6-4a22-9849-68f4dd0b9541;2026-02-02 00:00:00+00;cb325dfa-3a82-4e4d-b53b-a752e6410d6a;جوال مغلق;;2026-02-02 10:09:04.722849+00;Done;Medium;;;false;[];Phone call;;[];;e326cd41-e559-4106-880c-dec5efeb3da6
2773ca83-c4ed-4876-83c0-f3abc124f22d;9478d2e2-c422-47d5-8c34-6ed72a8d3d87;2026-01-26 00:00:00+00;cb325dfa-3a82-4e4d-b53b-a752e6410d6a;متابعه لحين الرد ;;2026-01-22 16:55:24.701416+00;Done;Medium;general;;false;[];Phone call;;[];82a2af0f-c024-4c1a-8a94-d1528b3f24e7;52ea1946-bb9b-4c23-9799-cbf239f7f7d2
135af7f9-01a7-453b-9f05-da2ddf7d5199;270a499d-18a5-420c-bcbe-73ab096ee789;2026-01-25 00:00:00+00;cb325dfa-3a82-4e4d-b53b-a752e6410d6a;متابعه لحين الرد ;;2026-01-22 17:57:53.835941+00;Done;Medium;general;;false;[];Phone call;;[];8ca0a5ec-8cb4-4dc6-93e7-eb61aa4bf10a;ef7afd7b-a456-4423-949f-d7ecda83247f
e647bd37-f6f4-41d8-9840-e8275e5cb2bc;50b50aa0-e841-4716-a186-6ebe15dedaa2;2026-01-19 00:00:00+00;cb325dfa-3a82-4e4d-b53b-a752e6410d6a;إرسال عرض سعر والمتابعه ;;2026-01-17 15:45:49.307255+00;Done;Medium;general;;false;[];WA;;[];f12d13fa-a074-4ac8-a345-00510ced4b4f;26feae9f-49b5-4a6b-8d36-befd6a3b3db4
868607a9-1adb-4d77-ba1b-8474ae056945;896f5a23-d153-4055-873d-b79ac62ef287;2026-01-20 00:00:00+00;cb325dfa-3a82-4e4d-b53b-a752e6410d6a;متابعه العميل بعد عرض السعر ;;2026-01-17 10:52:21.698247+00;Done;Medium;general;;false;[];Phone call;;[];eb2cff71-b224-48f3-8693-0a418c23f316;1c42c008-420c-4a64-b424-a3890a30d6de
44e0be87-333d-4516-8fbf-449918f4203b;fe78ce0b-c719-445c-90d9-798901a61176;2026-01-20 00:00:00+00;cb325dfa-3a82-4e4d-b53b-a752e6410d6a;متابعه لحين الرد وإرسال عرض سعر;;2026-01-18 14:25:20.266316+00;Done;Medium;general;;false;[];Phone call;;[];5829df37-95bb-4e52-8745-a486e5048439;9f02cc75-c164-49fd-a547-065e8cd74d26
b14fb975-9bd1-4564-95a6-be0cb7098919;affeacf6-b03c-4627-bebb-0bfa9dc3f705;2026-01-20 00:00:00+00;cb325dfa-3a82-4e4d-b53b-a752e6410d6a;متابعه بعد عرض السعر لحين الطلب;;2026-01-18 17:37:29.027723+00;Done;Medium;general;;false;[];WA;;[];2df00232-8acd-401a-ad27-8611997bd695;106f82c2-4063-4a6d-8bc4-ae1ed91110ad
68303609-e9e8-4efd-8a85-9bb49b340177;3d2577ef-0895-478d-8777-036a6739b903;2026-01-21 00:00:00+00;cb325dfa-3a82-4e4d-b53b-a752e6410d6a;متابعه لحين الرد وإرسال عرض سعر;;2026-01-19 16:12:24.258578+00;Done;Medium;general;;false;[];Phone call;;[];6075aec1-552a-45cf-8889-4c312cd8f12b;d213ce14-2659-4f96-8863-bbd89ef2098a
e3a11135-5def-44d8-9f47-ef8524de2eae;5a3c706e-111e-4d55-9444-a844455a3a6c;2026-01-24 00:00:00+00;cb325dfa-3a82-4e4d-b53b-a752e6410d6a;اعاده التواصل لحين الرد;;2026-01-22 17:23:03.345412+00;Done;Medium;general;;false;[];Phone call;;[];7684e2e5-893a-4bc7-8b88-5e7f92461344;5e0d6ad9-aafc-41b0-8f89-661dc9065c4a
06b81948-6cc9-4f07-8c37-221b21c34d9c;486b87ea-a037-4270-91cd-645420ddf230;2026-01-24 00:00:00+00;cb325dfa-3a82-4e4d-b53b-a752e6410d6a;متابعه بعد عرض السعر;;2026-01-17 15:16:07.653006+00;Done;Medium;general;;false;[];Phone call;;[];24827b53-e102-4a7a-9346-eb72bffcfe42;bee30c85-7147-4b64-be60-2b907af78c9d
b017959a-e08e-4482-8094-5e49d3c8d7c7;f97e5821-4345-4fab-a373-99d8617b0b1e;2026-01-25 00:00:00+00;cb325dfa-3a82-4e4d-b53b-a752e6410d6a;متابعه بعد عرض ادسعر;;2026-01-22 17:55:33.026427+00;Done;Medium;general;;false;[];Phone call;;[];cb8b252e-6427-4285-b3a3-e6489960c236;ec5804b0-cf96-4d02-a805-325ecb702c1c
12718988-e06b-42af-9f75-dd4d7dc62c5b;2864a819-01cd-49d2-bbcf-e2d8495f265d;2026-01-29 00:00:00+00;cb325dfa-3a82-4e4d-b53b-a752e6410d6a;اعاده التواصل لحين الرد;;2026-01-27 17:36:49.912974+00;Done;Medium;general;;false;[];Phone call;;[];33b627ac-d076-42f1-9699-6c3b15ee0068;f9e7393d-8db9-4ebf-8dc3-a72aadd359d1
d4f0a891-8d87-452a-a325-f243d05167bd;6f9db0c4-a072-49db-9aa8-eee0393f05f6;2026-02-24 00:00:00+00;cb325dfa-3a82-4e4d-b53b-a752e6410d6a;;;2026-02-17 11:08:22.6303+00;Open;Medium;;;false;[];WA;;[];;3ef335d5-53c2-4f92-a983-ec752a443a18
8e22a1c3-cfaf-4642-88c0-de7da8c41a86;1e8af4ce-8ec8-40cc-b039-8430ec025664;2026-02-01 00:00:00+00;cb325dfa-3a82-4e4d-b53b-a752e6410d6a;متابعه لحين الرد;;2026-01-28 19:11:08.709947+00;Done;Medium;general;;false;[];Phone call;;[];051928ef-e7e1-4b07-9f14-8de186659ddf;5ca7c156-9db1-4a23-8fb2-6bb39019ca9c
7e5825f3-daa2-4851-8ac4-48c5341f480c;2aa108a4-8c69-4175-bf61-5cc7d0a90246;2026-02-04 00:00:00+00;cb325dfa-3a82-4e4d-b53b-a752e6410d6a;;;2026-02-03 10:14:48.880198+00;Done;Medium;;;false;[];Phone call;;[];;fb831a96-a390-470d-abfe-7538df535085
1b07a4bd-6a96-4e2f-97bb-a22dce76e6fd;cdd942f3-5d18-4806-b3bd-145d3bfd38d7;2025-12-17 00:00:00+00;cb325dfa-3a82-4e4d-b53b-a752e6410d6a;تم التواصل وإرسال عرض سعر ;شكرا على تواصلك معنا ونقدر وقتكم ;2025-12-17 12:21:24.286138+00;Closed;Low;send_quotation;;false;[];Phone call;إرسال عرض سعر ولديه أسعار أقل ;[];;
b873a83b-8465-46e3-9506-03407e374ce1;9de84cac-bedd-44a8-bc67-6b485664709d;2025-12-16 00:00:00+00;cb325dfa-3a82-4e4d-b53b-a752e6410d6a;تم التواصل وإرسال عرض سعر ;شكرا على تواصلك معنا ونقدر وقتكم ;2025-12-16 10:17:17.45898+00;Closed;Medium;send_quotation;;false;[];WA;ف انتظار رد العميل;[];;
c3eb1ba6-6f11-4937-b5c2-2d5a0aa6e575;0ca568bf-cfca-408a-881e-cb2b86e32bd3;2025-12-11 00:00:00+00;cb325dfa-3a82-4e4d-b53b-a752e6410d6a;تم التواصل وعدم الرد وتم إرسال عرض سعر على الواتساب;شكرا على وقتك وعلى التواصل معنا;2025-12-15 12:08:56.650389+00;Closed;Medium;send_quotation;;false;[];Phone call;لم يتم الرد ;[];;
d4959560-6903-4a10-94ba-1a8505d0895e;1b507306-5830-4e36-a947-e586bf6a8ed4;2025-12-16 00:00:00+00;cb325dfa-3a82-4e4d-b53b-a752e6410d6a;تم التواصل وإرسال عرض سعر ;شكرا على تواصلك معنا ونقدر وقتكم;2025-12-16 10:33:20.335458+00;Closed;Low;send_quotation;;false;[];Phone call;إرسال عرض سعر بالواتساب;[];;
858f2dee-ac34-4e76-b707-2dc5c4444e0d;d59ed1a0-6f17-4a03-a145-f2dfe923ee64;2026-02-18 00:00:00+00;cb325dfa-3a82-4e4d-b53b-a752e6410d6a;المتابعه لحين البدء في مشروع اخر;;2026-01-18 14:29:23.995442+00;Open;Medium;general;;false;[];Phone call;;[];de5b2cb2-6b9c-4fae-855b-14c3de0001b3;cfebd315-697b-4ebd-8d1d-3733281d0c38
e18c8dce-eba1-47d5-9242-696909d95413;a6ad2168-f950-4473-ae8f-424735bb9f87;2026-02-18 00:00:00+00;cb325dfa-3a82-4e4d-b53b-a752e6410d6a;متابعه العميل لحين البدء في مشروع آخر ;;2026-01-18 17:04:53.327621+00;Open;Medium;general;;false;[];Phone call;;[];2d8e4005-99ef-4478-99dd-9a89178f95cb;a261e85a-a20a-4a0a-b0c5-86392babb38d
d6f37e6c-8ef6-4f9e-aa03-838a161e7595;7bac09fe-37fd-4058-a3cf-9f03f9c5f6ef;2026-02-22 00:00:00+00;cb325dfa-3a82-4e4d-b53b-a752e6410d6a;متابعه لحين البدء في مشروع آخر ;;2026-01-22 17:40:27.131062+00;Open;Medium;general;;false;[];Phone call;;[];f5346256-e262-485d-8be4-ccd22bba9f2a;1ac08ef7-6eae-4256-a350-74d9fecd5661
052c463f-53dc-4441-8e73-12408228b6ef;e92d2766-6f27-4f3d-ad5a-ac636466357e;2026-02-28 00:00:00+00;cb325dfa-3a82-4e4d-b53b-a752e6410d6a;متابعه العميل للبدء في مشروع جديد;;2026-01-28 18:48:56.979729+00;Open;Medium;general;;false;[];Phone call;;[];39dc1791-6971-4420-b23d-3f5cb177ca5e;0ad3e80a-7239-48c2-b212-8294a90009ca
416fbc4d-df6f-4925-b573-82283ad9259c;cd15a882-5fa1-41e8-949a-5e2c4a7daf21;2026-03-01 00:00:00+00;cb325dfa-3a82-4e4d-b53b-a752e6410d6a;متابعه عامه لحين البدء ف مشروع اخر;;2026-01-28 18:59:16.777262+00;Open;Medium;general;;false;[];Phone call;;[];796dd843-c9f5-46fe-bb66-fc30b4094279;bf952df8-5b22-49cb-bce1-4ca24828171f
31462a87-95a9-40ee-b15e-5223f7087ae7;a2a9b200-94d0-4fae-87cf-d16c452f8f75;2025-12-17 00:00:00+00;cb325dfa-3a82-4e4d-b53b-a752e6410d6a;تم التواصل وإرسال عرض سعر;شكرا على تواصلك معنا ونقدر وقتكم ;2025-12-17 11:04:28.589464+00;Closed;Medium;send_quotation;;false;[];Phone call;إرسال عرض سعر ;[];;
36139134-5f7b-41a1-bfba-ad41f4909919;03b950a5-4a28-453c-92c4-5cf9fa744649;2026-01-03 00:00:00+00;cb325dfa-3a82-4e4d-b53b-a752e6410d6a;Follow up on the submitted offer/proposal.;;2025-12-27 11:22:29.204789+00;Closed;Medium;follow_up_after_offer;;false;[];Phone call;;[];;
363b3b29-2f54-4001-a353-313df5348b2e;6607f8ea-2678-4bf2-9a61-76dd4ef29b63;2025-12-17 00:00:00+00;cb325dfa-3a82-4e4d-b53b-a752e6410d6a;تم التواصل وإرسال عرض سعر ;شكرا على تواصلك معنا ونقدر وقتكم ;2025-12-17 07:49:36.829735+00;Closed;Low;send_quotation;;false;[];WA;ف انتظار رد العميل;[];;
3d9f01e4-380f-43da-84fe-e4e0be461912;07616079-a45f-4c95-8ef9-20cbec634c4e;2025-12-17 00:00:00+00;cb325dfa-3a82-4e4d-b53b-a752e6410d6a;تم التواصل وإرسال عرض سعر;شكراً على تواصلك معنا ونقدر وقتكم ;2025-12-17 07:38:52.427301+00;Closed;Low;send_quotation;;false;[];WA;ف انتظار رد العميل;[];;
02774558-626c-4612-8392-277649f19b29;5e9946e3-ac31-42da-b0c3-d367cff84188;2026-01-19 00:00:00+00;cb325dfa-3a82-4e4d-b53b-a752e6410d6a;متابعه بعد عرض السعر;;2026-01-17 15:49:48.103713+00;Done;Medium;general;;false;[];WA;;[];75251252-54ba-4b82-a44d-fffd984207bc;b0f21912-af04-4c27-9252-98728f0c38ec
5d00b7a1-bbcc-4197-932d-9155f2c92d5e;798b25be-1313-467e-9999-5aee00975139;2026-02-03 00:00:00+00;cb325dfa-3a82-4e4d-b53b-a752e6410d6a;العميل يراجع الأسعار ومتابعته مره اخري;;2026-02-03 10:19:25.860519+00;Closed;Medium;;;false;[];Phone call;;[];;5019c3f0-aed8-46fe-b55d-b74daa37328d
f5f8d22c-e19e-4fce-a54f-f6adce8b5f60;b8324c68-888f-4cc1-a42a-661ed2574634;2026-02-03 00:00:00+00;cb325dfa-3a82-4e4d-b53b-a752e6410d6a;لديهم موقع يحتاج كميه كبيره الأسبوع القادم لكن بياخدو الف حبه ك عينه لتعميد البلوك عندنا ;;2026-02-03 10:52:16.272429+00;Closed;Medium;;;false;[];Phone call;;[];;61c745ed-679b-4d27-9633-793370998788
1525fd79-cbbf-4fe2-9802-b1d3cb8e5ef0;a388af42-8e45-4d6d-b448-c7a90db9b9b3;2026-01-21 00:00:00+00;cb325dfa-3a82-4e4d-b53b-a752e6410d6a;متابعه بعد عرض السعر;;2026-01-19 16:18:34.98952+00;Done;Medium;general;;false;[];Phone call;;[];04853cf2-42f3-40fa-b86c-62ece5209047;4a0c6548-f405-442c-bddb-a30d8929bc12
62231a98-c6fb-4730-9df8-2c29b788febc;a2f27198-401f-4fc6-99e3-66ac850816bf;2026-01-21 00:00:00+00;cb325dfa-3a82-4e4d-b53b-a752e6410d6a;متابعه بعد عرض السعر ;;2026-01-19 17:55:16.2681+00;Done;Medium;general;;false;[];Phone call;;[];59b4fd21-ff41-497e-b619-9025bbdbe66c;6494779e-661e-44c1-b9aa-1af015d7f804
ef40c3c0-35e1-4fb5-aa4d-d702337c8084;66b54cf4-00a6-4a22-9849-68f4dd0b9541;2026-01-24 00:00:00+00;cb325dfa-3a82-4e4d-b53b-a752e6410d6a;متابعه بعد عرض السعر ;;2026-01-22 16:39:41.387639+00;Done;Medium;general;;false;[];Phone call;;[];ab003c94-c5f5-4e52-8f1d-0284b5a4f860;e326cd41-e559-4106-880c-dec5efeb3da6
42870909-afa2-4aab-a3ea-957c9f8463a7;40e16d49-322d-4537-af33-bb18b08daa34;2026-01-27 00:00:00+00;cb325dfa-3a82-4e4d-b53b-a752e6410d6a;متابعه لحين الرد ;;2026-01-22 16:57:49.656666+00;Done;Medium;general;;false;[];Phone call;;[];a0975d1a-da27-4d80-922e-4e3aea8edddd;f67a14d7-07d3-4fd4-89df-9eb29a99e7b2
237373c7-ca05-4764-a6fd-0d5d9119a4cc;191cde31-4323-4da5-8e7a-259a9a3c9829;2026-01-29 00:00:00+00;cb325dfa-3a82-4e4d-b53b-a752e6410d6a;اعاده التواصل لحين الرد;;2026-01-27 17:02:02.862112+00;Done;Medium;general;;false;[];Phone call;;[];6d1021ba-8b45-4edb-a0b5-2e8d9d2f30d0;1b563e82-ec36-4b76-9341-6ec68484c58a
41bf40fb-be91-4651-9998-8d23cf85219e;31ad706d-c22d-47e8-8b3d-1cb26d2d6187;2026-02-01 00:00:00+00;cb325dfa-3a82-4e4d-b53b-a752e6410d6a;اعاده التواصل لحين الرد ;;2026-01-27 17:39:34.180753+00;Done;Medium;general;;false;[];Phone call;;[];b7989bca-8f6d-4e1d-b0b4-516212c088d1;baf48687-73b3-442f-a107-eb4bbc1adca0
b3b7e343-cad6-408c-a51e-c7283eb07a79;c63ec8e5-84e2-404f-8ca2-4fd9bbd381d9;2026-02-01 00:00:00+00;2b7d3b3c-8575-4bd1-8cd8-64cae1f9a43a;Send quotation;;2026-01-31 15:58:34.15208+00;Done;Medium;;;false;[];Meeting;;[];;c7c7be09-5f02-4853-82c0-25623316d96c
a1905e8e-094c-4b22-927c-d59b3c99c0cb;8144f52b-532a-4e36-a246-9713c1ab7acc;2026-01-20 00:00:00+00;cb325dfa-3a82-4e4d-b53b-a752e6410d6a;إرسال عرض سعر والمتابعه;;2026-01-18 17:47:28.463055+00;Done;Medium;general;;false;[];Phone call;;[];0973fbc9-4423-4ec6-82a0-1cc46782df46;f4d7eae9-b1c2-4042-8446-644ed43b4364
9ae04b11-6374-4d9f-8826-cbe6097339bb;49f78269-1e24-4e15-b676-1f1e3b232ff7;2026-01-22 00:00:00+00;cb325dfa-3a82-4e4d-b53b-a752e6410d6a;متابعه العميل وإرسال عرض سعر;;2026-01-17 11:00:21.238287+00;Done;Medium;general;;false;[];Phone call;;[];b9289f3d-1ac7-49ec-8175-dd457dd1b5a3;573673c4-8728-4294-8dd7-7455c0f85302
d113a2ff-205a-41ca-b629-028e58af483d;798b25be-1313-467e-9999-5aee00975139;2026-02-05 00:00:00+00;cb325dfa-3a82-4e4d-b53b-a752e6410d6a;;;2026-02-03 10:19:25.860519+00;Done;Medium;;;false;[];Phone call;;[];;5019c3f0-aed8-46fe-b55d-b74daa37328d
9dd64569-f5bb-492e-af0c-e8aa6bd370fb;ec1aed95-1014-4692-9c0a-c7784d337301;2026-02-01 00:00:00+00;cb325dfa-3a82-4e4d-b53b-a752e6410d6a;متابعه بعد عرض السعر;;2026-01-28 18:55:46.505964+00;Done;Medium;general;;false;[];Phone call;;[];98e9e304-9976-491e-a28b-f5953489d759;a187931d-8638-4d06-be43-8f55f774f802
e355cfba-350c-46e1-815f-2d2161f2e9b1;a79f525b-ac39-4034-9685-8c3913775510;2026-01-30 00:00:00+00;cb325dfa-3a82-4e4d-b53b-a752e6410d6a;المتابعه بعد عرض السعر ;;2026-01-17 15:20:45.046225+00;Done;Medium;general;;false;[];Phone call;;[];5f2b2883-882c-48a3-a7ba-8d50141cdd60;dc0a4053-6aca-48d6-9fb1-67987030aed5
28f87b4e-45ea-4b8b-8b33-760630b6470f;b8324c68-888f-4cc1-a42a-661ed2574634;2026-02-05 00:00:00+00;cb325dfa-3a82-4e4d-b53b-a752e6410d6a;;;2026-02-03 10:52:16.272429+00;Done;Medium;;;false;[];Phone call;;[];;61c745ed-679b-4d27-9633-793370998788
deecaab0-cc9e-4982-b96e-b66334401260;c95134ba-6786-48a5-a15b-c78c0f3a2cf7;2026-02-07 00:00:00+00;cb325dfa-3a82-4e4d-b53b-a752e6410d6a;;;2026-02-03 09:42:58.172374+00;Done;Medium;;;false;[];Phone call;;[];;fb0d5e90-fc47-4d80-bb4e-e32a979f5368
0696d630-eccb-4dbd-8ef2-78bb69d1a5a3;6f7a7107-5928-415d-ac0b-10667b75bd02;2025-12-11 00:00:00+00;cb325dfa-3a82-4e4d-b53b-a752e6410d6a;تم التواصل ولم يرد وتم إرسال عرض سعر;شكرا على تواصلك معنا ونقدر وقتكم ;2025-12-15 11:56:30.285111+00;Closed;Medium;send_quotation;;false;[];Phone call;لم يتم الرد;[];;
09a5cb84-e112-422c-b4dc-a82e502c058c;0aa059ba-4f0a-40ef-a27f-5365ddf13b83;2025-12-16 00:00:00+00;cb325dfa-3a82-4e4d-b53b-a752e6410d6a;تم التواصل وإرسال عرض سعر;شكرا على تواصلك معنا ونقدر وقتكم ;2025-12-16 13:16:48.828765+00;Closed;Medium;send_quotation;;false;[];Phone call;إرسال عرض سعر;[];;
26a3ce37-d2a1-40c5-9bed-470cde48a231;dfe06852-fa9b-419f-a38c-c83f45f6056b;2025-12-27 00:00:00+00;cb325dfa-3a82-4e4d-b53b-a752e6410d6a;Follow up on the submitted offer/proposal.;;2025-12-20 10:59:35.59396+00;Closed;Medium;follow_up_after_offer;;false;[];Phone call;;[];;
28d5dc09-84b4-4f16-afa7-2eb4986d381a;bfaeba9f-d9b8-4d7c-8ef2-5bbb26aedc8e;2025-12-29 00:00:00+00;cb325dfa-3a82-4e4d-b53b-a752e6410d6a;;;2025-12-27 10:13:34.297377+00;Closed;Medium;follow_up_after_offer;;false;[];Phone call;;[];;
47a4828d-929e-4cef-a45d-89cbdb6bc2ba;b5dda0c0-2672-4e02-bedd-631315444377;2025-12-17 00:00:00+00;cb325dfa-3a82-4e4d-b53b-a752e6410d6a;تم التواصل وليس لديه مشاريع الان;شكرا على تواصلك معنا ونقدر وقتكم ;2025-12-17 12:03:36.287861+00;Closed;Low;send_quotation;;false;[];Phone call;ليس لديه مشاريع الان ويتم التواصل عند توفر مشاريع;[];;
4b681b9d-0e23-4ab0-9f89-bf29d42e3a92;eada56e3-a942-49d4-aa2a-bac9dbb18062;2025-12-29 00:00:00+00;cb325dfa-3a82-4e4d-b53b-a752e6410d6a;Follow up on the submitted offer/proposal.;;2025-12-27 11:07:43.518669+00;Closed;Medium;follow_up_after_offer;;false;[];Phone call;;[];;
53429779-cb08-460f-902b-018cb20cc960;bedd0323-b928-4c34-a047-b8857899ce5a;2025-12-22 00:00:00+00;cb325dfa-3a82-4e4d-b53b-a752e6410d6a;Follow up on the submitted offer/proposal.;;2025-12-20 11:33:48.645482+00;Closed;Medium;follow_up_after_offer;;false;[];Phone call;;[];;
5b00f8f9-c921-48a4-816a-21755af09b0e;79a6679b-9e91-4c9e-84f0-6eaadb615df5;2025-12-17 00:00:00+00;cb325dfa-3a82-4e4d-b53b-a752e6410d6a;تم التواصل وإرسال عرض سعر;شكرا على تواصلك معنا ونقدر وقتكم ;2025-12-17 08:08:21.121889+00;Closed;Medium;send_quotation;;false;[];Phone call;إرسال عرض سعر;[];;
54bf19ad-6381-4a1a-8e0d-cda69857339d;a388af42-8e45-4d6d-b448-c7a90db9b9b3;2026-02-03 00:00:00+00;cb325dfa-3a82-4e4d-b53b-a752e6410d6a;لم يرد ;;2026-02-03 09:49:33.796481+00;Closed;Medium;;;false;[];Phone call;;[];;4a0c6548-f405-442c-bddb-a30d8929bc12
a586e608-7e82-4053-851f-6fe9603e558e;d6359219-8ece-4c4d-9765-946259e92930;2026-01-17 00:00:00+00;1cc341d4-946c-4737-98f1-1447fa2d25ce;ارسال عرض سعر بالبخاري;;2026-01-13 17:57:50.9699+00;Done;Medium;;;false;[];Phone call;;[];;04280ba0-3d1b-47ab-be74-ef003976b901
76b1bdf2-e4c1-4928-b81b-7c723f66f5db;a07338a1-30d3-4ce6-a7fa-b6fbe9ca69c2;2025-12-27 00:00:00+00;cb325dfa-3a82-4e4d-b53b-a752e6410d6a;Follow up on the submitted offer/proposal.;;2025-12-20 11:30:36.992896+00;Closed;Medium;follow_up_after_offer;;false;[];Phone call;;[];;
ba3b5228-603a-4bb7-9d92-edb395fdb0cc;2992b8c5-7354-4f70-a9a2-34ecdd142596;2026-02-03 00:00:00+00;cb325dfa-3a82-4e4d-b53b-a752e6410d6a;العميل يحتاج تعامل أجل لمده ١٥ يوم إلى شهر وف انتظار دراسه الموضوع والرد عليهم;;2026-02-03 10:35:25.697251+00;Closed;Medium;;;false;[];Phone call;;[];;b1ec910d-bcde-44c1-9796-a115c52e3a36
95755fde-8415-42e0-b69c-51cb42858bd0;f1625abc-3000-490a-be4b-033a37e70481;2026-01-21 00:00:00+00;cb325dfa-3a82-4e4d-b53b-a752e6410d6a;متابعه بعد عرض السعر والعينه;;2026-01-19 17:40:23.714515+00;Done;Medium;;;false;[];Phone call;;[];;a28e3022-1c1d-41bf-8d39-45fca187cfe9
5f169743-dfc5-4bb0-9227-6b64e965ad36;21f74f7f-3859-4e3b-b215-83342105cf08;2026-01-24 00:00:00+00;cb325dfa-3a82-4e4d-b53b-a752e6410d6a;اعاده الاتصال لحين الرد;;2026-01-22 15:46:49.89476+00;Done;Medium;general;;false;[];Phone call;;[];071e0d59-ede0-4519-b1b6-483e0ef2439d;c6d037e1-743a-42fd-80ae-8caa1165909e
18ed2503-9c00-430c-8a38-ff12074fe3c2;1cb37589-9eef-481d-b569-e0030ad56de2;2026-01-25 00:00:00+00;cb325dfa-3a82-4e4d-b53b-a752e6410d6a;متابعه بعد عرض السعر ;;2026-01-22 16:46:26.50328+00;Done;Medium;general;;false;[];In person;;[];8afccef7-e871-4c30-8967-ea1632fd0f97;69b77010-6644-4328-9cdf-4fe6f1113616
b7baf758-9f30-4e4f-bb77-d3e580023c57;5224c7c3-d036-4c29-b346-bc3cf4e27b1b;2026-01-29 00:00:00+00;cb325dfa-3a82-4e4d-b53b-a752e6410d6a;متابعه بعد عرض السعر;;2026-01-22 17:02:21.008575+00;Done;Medium;general;;false;[];WA;;[];b0b4df30-6bb9-4773-889d-eab9d6859412;0ffcc4e2-10f3-49ff-b98c-6d1e12b393d8
8cd6da8e-fc11-443c-914b-3ab7eadba8a0;f619b02e-2821-4a07-a3b6-5d9473107c00;2026-02-01 00:00:00+00;cb325dfa-3a82-4e4d-b53b-a752e6410d6a;إرسال عرض سعر;;2026-01-27 17:27:19.837409+00;Done;Medium;general;;false;[];Phone call;;[];67be1b59-61ac-4067-b5f1-da6f614fb207;17a4c1ec-eaca-4955-a569-98f2d839e000
238d2972-edee-4af6-a2a0-f745e123e017;c63ec8e5-84e2-404f-8ca2-4fd9bbd381d9;2026-01-29 00:00:00+00;cb325dfa-3a82-4e4d-b53b-a752e6410d6a;متابعه بعد عرض السعر ;;2026-01-27 18:09:55.704573+00;Done;Medium;general;;false;[];Phone call;;[];789f84c1-962e-4247-b9d0-f5cc595cd965;c7c7be09-5f02-4853-82c0-25623316d96c
9d6c0495-1d50-4f64-90b6-e60d63c9287d;f1a5f7b2-cbf2-4024-8410-20acd66ac92e;2026-01-19 00:00:00+00;cb325dfa-3a82-4e4d-b53b-a752e6410d6a;متابعه لحين الرد وإرسال عرض سعر;;2026-01-17 15:53:55.781157+00;Done;Medium;general;;false;[];Phone call;;[];a8577365-d3d3-4834-b375-031e20c64be3;6709fe80-0254-47ea-826d-77b48b667501
7352c96a-d867-4fdb-b3ee-b77829d76b59;925da655-f88e-4e24-9aea-4a1c4c6cc3b9;2026-01-19 00:00:00+00;cb325dfa-3a82-4e4d-b53b-a752e6410d6a;متابعه العميل وإرسال عرض سعر لباقي أنواع البلوك;;2026-01-17 11:06:54.748652+00;Done;Medium;general;;false;[];Meeting;;[];5af63300-63c2-43d3-91f2-864cc5f9855e;e6c6e3ad-30a7-41db-8e95-2e77b2144502
ec144def-e3e2-43d6-80f1-e11e0556987f;33a8410e-e64d-4d1d-bddb-94e22d6e6430;2026-01-20 00:00:00+00;cb325dfa-3a82-4e4d-b53b-a752e6410d6a;متابعه لحين الرد;;2026-01-18 17:09:19.311155+00;Done;Medium;general;;false;[];Phone call;;[];6c2a04b7-bd31-4dfb-8f77-e0c9b2e188dd;ea4db927-5973-4cf9-867d-e866fd425d6e
0207b09b-f882-4ea0-baba-4deb2dbaa8b0;f03e8e33-3306-4cd9-aa8c-ad043067c46f;2026-01-25 00:00:00+00;cb325dfa-3a82-4e4d-b53b-a752e6410d6a;المتابعه بعد عرض السعر;;2026-01-18 14:34:35.333417+00;Done;Medium;general;;false;[];WA;;[];ed28fd36-8fe8-43e8-99dd-8ece460c3a10;8c79a371-bb8a-4490-b7f5-3afec18eff6a
77b3f5c3-e31f-44ab-ae61-163db30e18cc;9c04310e-7d95-49a7-b87d-3e627eb14529;2026-01-25 00:00:00+00;cb325dfa-3a82-4e4d-b53b-a752e6410d6a;متابعه بعد عرض السعر وإذا تحدثت الأسعار لدينا;;2026-01-18 17:52:50.490187+00;Done;Medium;general;;false;[];Phone call;;[];cd075e86-345e-4f89-8eb8-777fd640e9c3;326558d0-c7cf-4a7a-a51f-44bbfb2e6e12
d2df123e-9cd6-482c-b54d-0c6bfc4c24c8;eece510e-e14e-468e-8845-8c7c7a39584a;2026-01-27 00:00:00+00;cb325dfa-3a82-4e4d-b53b-a752e6410d6a;متابعه عند تحصيل أسعار مناسبه ;;2026-01-17 15:26:30.561479+00;Done;Medium;general;;false;[];WA;;[];b9f940ae-fd73-4489-a0d1-4e6e5978f18e;e8062d3b-4183-4196-ae87-640cd728842c
0cc06b7b-5d5d-4767-a5bf-c9bba1ef63e7;aa4a947d-4f02-4b2f-b91f-020dd3806252;2025-12-20 00:00:00+00;cb325dfa-3a82-4e4d-b53b-a752e6410d6a;تم التواصل وإرسال عرض سعر;شكرا على تواصلك معنا ونقدر وقتكم ;2025-12-20 09:14:44.996677+00;Closed;Medium;send_quotation;;false;[];Phone call;لديه مشاريع قائمه على أعمال الصبه. و الحفر ويتم التواصل عند احتياج البلوك;[];;
715e0e3a-42fd-451e-a1a3-79147c2c9d8c;7944c980-630f-4f7d-889f-5ec873a0499a;2026-01-27 00:00:00+00;cb325dfa-3a82-4e4d-b53b-a752e6410d6a;متابعه لحين الرد وإرسال عرض سعر ;;2026-01-22 17:45:03.282402+00;Done;Medium;general;;false;[];Phone call;;[];77ef1abc-c40f-4d9c-8607-95d2d21fb18d;b4a36fbd-5ca9-4736-ba3b-06ee90fedf90
af1c5dd9-787b-4223-a497-f89d797605ed;6f9db0c4-a072-49db-9aa8-eee0393f05f6;2026-01-31 00:00:00+00;cb325dfa-3a82-4e4d-b53b-a752e6410d6a;متابعه بعد عرض السعر;;2026-01-28 18:52:53.359855+00;Done;Medium;general;;false;[];Phone call;;[];6dec964d-5cc6-45a5-b816-6aaf4f2f97e4;3ef335d5-53c2-4f92-a983-ec752a443a18
056df5df-57b5-4a07-8a05-fe7fc5e0014e;d3cf0b86-5b49-4d3b-873b-e405da0c7a58;2026-02-03 00:00:00+00;cb325dfa-3a82-4e4d-b53b-a752e6410d6a;اعاده الاتصال والمتابعه بعد عرض السعر;;2026-02-02 10:00:58.011379+00;Done;Medium;;;false;[];Phone call;;[];;
83bbc58e-5832-4546-bb15-cb64d3fb439c;d3cf0b86-5b49-4d3b-873b-e405da0c7a58;2026-02-02 00:00:00+00;cb325dfa-3a82-4e4d-b53b-a752e6410d6a;لم يرد;;2026-02-02 10:00:58.011379+00;Done;Medium;;;false;[];Phone call;;[];;2715d53a-9601-45f5-8a1e-e38c5030de6c
48117873-3d25-4ebf-9843-724933ede3ba;2992b8c5-7354-4f70-a9a2-34ecdd142596;2026-02-04 00:00:00+00;cb325dfa-3a82-4e4d-b53b-a752e6410d6a;;;2026-02-03 10:35:25.697251+00;Done;Medium;;;false;[];Phone call;;[];;b1ec910d-bcde-44c1-9796-a115c52e3a36
fa8a01f4-91df-431e-91ea-1693dcb52cf2;a388af42-8e45-4d6d-b448-c7a90db9b9b3;2026-02-07 00:00:00+00;cb325dfa-3a82-4e4d-b53b-a752e6410d6a;;;2026-02-03 09:49:33.796481+00;Done;Medium;;;false;[];Phone call;;[];;4a0c6548-f405-442c-bddb-a30d8929bc12
6201b749-816c-4069-b5dc-f47ff68900ec;49b5dd62-5b5b-4c7f-aab7-053e088f0cf7;2026-01-24 00:00:00+00;cb325dfa-3a82-4e4d-b53b-a752e6410d6a;إرسال عرض سعر للبلوك ;;2026-01-17 10:33:09.192696+00;Done;Medium;;;false;[];Phone call;إرسال عرض سعر بالواتساب ;[];;8ca30527-5004-4517-92d3-d4db9c951414
2d4da825-03df-43a2-b9d4-ebcc5d394029;4168064f-efaf-4ad1-b494-49d126615502;2025-12-15 00:00:00+00;cb325dfa-3a82-4e4d-b53b-a752e6410d6a;المتابعه مع العميل في وقت اخر;;2025-12-15 11:35:58.920266+00;Closed;Medium;follow_up_after_offer;;false;[];Phone call;لديهم موردين للبلوك ب أسعار أفضل ;[];;
2f0837e2-3f1b-43c5-8ccd-bd65906b5fdd;de74d685-5313-493f-9a9d-92b82ad5275a;2025-12-10 00:00:00+00;cb325dfa-3a82-4e4d-b53b-a752e6410d6a;تم التواصل وإرسال عرض سعر;شكرا على تواصلك معنا ونقدر وقتكم ;2025-12-15 11:52:13.745211+00;Closed;Medium;send_quotation;;false;[];Phone call;إرسال عرض سعر ;[];;
30772264-e9d0-49aa-b21d-f9f0da8e7090;338f68bf-17a2-4ef4-8e49-e70fb2873a31;2025-12-12 00:00:00+00;cb325dfa-3a82-4e4d-b53b-a752e6410d6a;متابعه مع العميل;شكرا على تواصلك ;2025-12-15 11:15:53.879976+00;Closed;Medium;send_quotation;;false;[];Phone call;إرسال عرض سعر للبلوك;[];;
1d090232-b769-443d-bce8-3e121f825f93;3ed0c3f3-d9ac-4f5d-a96a-a34394002973;2025-12-13 00:00:00+00;cb325dfa-3a82-4e4d-b53b-a752e6410d6a;تم التواصل مع العميل وليس لديهم مشاريع قائمه الان ;شكرا على تواصلك معنا ونقدر وقتكم ;2025-12-15 12:18:12.963066+00;Closed;Medium;general;;false;[];Phone call;ليس لديهم مشاريع قائمه الان;[];;
32723966-1f92-468f-8558-7430043988c6;f7500783-39f4-44a3-8ed8-706697256357;2025-12-27 00:00:00+00;cb325dfa-3a82-4e4d-b53b-a752e6410d6a;Follow up on the submitted offer/proposal.;;2025-12-20 10:27:14.297504+00;Closed;Medium;follow_up_after_offer;;false;[];Phone call;;[];;
e86a6db7-904b-478f-97c2-89ba1b58525e;951b61e9-5f9a-4901-9528-af0d56764283;2025-12-17 00:00:00+00;cb325dfa-3a82-4e4d-b53b-a752e6410d6a;تم التواصل وإرسال عرض سعر ;شكرا على تواصلك معنا ونقدر وقتكم ;2025-12-17 12:13:31.633085+00;Closed;Medium;send_quotation;;false;[];Phone call;إرسال عرض سعر ;[];;
efb32240-3ac2-4fea-809e-6ba9ce437296;b0e5e903-f755-4a54-a07d-f1630273b85a;2025-12-16 00:00:00+00;cb325dfa-3a82-4e4d-b53b-a752e6410d6a;تم التواصل وإرسال عرض سعر;شكرا على تواصلك معنا ونقدر وقتكم ;2025-12-16 12:14:48.996701+00;Closed;Low;send_quotation;;false;[];Phone call;المشروع على وشك الانتهاء ولكن إرسال عرض سعر لمشاريع اخري;[];;
f73364a9-3813-42ea-9aec-b8c8481bb83f;bbbf099a-d9e9-474b-a4ef-05c9c0626081;2025-12-17 00:00:00+00;cb325dfa-3a82-4e4d-b53b-a752e6410d6a;تم التواصل وإرسال عرض سعر;شكرا على تواصلك معنا ونقدر وقتكم ;2025-12-17 10:09:57.557707+00;Closed;Low;send_quotation;;false;[];WA;ف انتظار رد العميل;[];;
f7b64455-41fb-4e5f-a20d-ffbd49ad7329;7cf2bdb8-831d-4328-9cd1-8d27e3f713bb;2025-12-17 00:00:00+00;cb325dfa-3a82-4e4d-b53b-a752e6410d6a;تم التواصل وإرسال عرض سعر;شكرا على تواصلك معنا ونقدر وقتكم ;2025-12-17 11:09:12.200564+00;Closed;Low;send_quotation;;false;[];Phone call;ليس لديه مشاريع الان ولكن إرسال عرض سعر في حين توفر مشاريع قادمه;[];;
50a31f73-2b83-4bc8-b5f5-8b4a1a5ee299;14883293-33ad-44d2-96db-0f9b8251a8f3;2025-12-14 00:00:00+00;cb325dfa-3a82-4e4d-b53b-a752e6410d6a;متابعه العميل في وقت اخر;;2025-12-15 11:43:57.395407+00;Closed;Medium;follow_up_after_offer;;false;[];Phone call;لديهم سعر أقل من عرضنا الحالي;[];;
2366a907-a292-483d-8df6-46cd506af462;d5fd308b-a694-49ae-89c7-c0ec5ac64cb0;2026-02-22 00:00:00+00;cb325dfa-3a82-4e4d-b53b-a752e6410d6a;اعاده التواصل لحين البدء في مشروع آخر ;;2026-01-22 15:49:45.082583+00;Open;Medium;general;;false;[];Phone call;;[];a4c58dd0-e592-49ce-abcb-8d640029ef1d;72971550-03d1-45d5-8037-5a701930ccbe
2b80e166-af3c-4eae-943d-b081abea4113;eada56e3-a942-49d4-aa2a-bac9dbb18062;2025-12-27 00:00:00+00;cb325dfa-3a82-4e4d-b53b-a752e6410d6a;تم التواصل وإرسال عرض سعر ;شكرا على تواصلك معنا ونقدر وقتكم ;2025-12-27 11:07:43.518669+00;Closed;Medium;send_quotation;;false;[];Phone call;إرسال عرض سعر ;[];;
37da55bb-2bf7-4570-a697-88dfae0cd8e3;26e45f95-d242-4884-8cdd-14362c6e825d;2025-12-20 00:00:00+00;cb325dfa-3a82-4e4d-b53b-a752e6410d6a;تم التواصل وإرسال عرض سعر ;شكرا على تواصلك معنا ونقدر وقتكم ;2025-12-20 10:32:29.577584+00;Closed;Medium;send_quotation;;false;[];Phone call;إرسال عرض سعر;[];;
6c198902-265d-47aa-8b88-ff307de05599;f1625abc-3000-490a-be4b-033a37e70481;2026-02-02 00:00:00+00;cb325dfa-3a82-4e4d-b53b-a752e6410d6a;جوال مغلق ;;2026-02-02 10:03:57.72599+00;Done;Medium;;;false;[];Phone call;;[];;a28e3022-1c1d-41bf-8d39-45fca187cfe9
95d15a25-9e37-4640-87f7-28aa3fe76221;b8324c68-888f-4cc1-a42a-661ed2574634;2026-01-21 00:00:00+00;cb325dfa-3a82-4e4d-b53b-a752e6410d6a;متابعه بعد عرض السعر ;;2026-01-19 17:43:39.350028+00;Done;Medium;general;;false;[];Phone call;;[];e5b075c4-83e9-4f4f-926d-ca2311930a64;61c745ed-679b-4d27-9633-793370998788
3e3b1bda-96fb-48a9-8960-1a25b9c05457;9f02b6cc-6898-42c8-90bf-a00231a65d45;2026-01-24 00:00:00+00;cb325dfa-3a82-4e4d-b53b-a752e6410d6a;اعاده التواصل لحين الرد;;2026-01-22 16:49:24.404864+00;Done;Medium;general;;false;[];Phone call;;[];8e14e35c-9034-4ea0-aeaa-27d100f838bf;0ef6aac1-56f0-4511-8a0c-af459af6a5e8
d148fb1c-29e9-4cff-9888-d10f3fb03b1c;bc80ba21-fbf1-4ea4-89c3-901a38d30189;2026-01-26 00:00:00+00;cb325dfa-3a82-4e4d-b53b-a752e6410d6a;متابعه بعد عرض السعر;;2026-01-22 17:09:58.162509+00;Cancelled;Medium;general;;false;[];Phone call;;[];780ada99-985f-4d16-9bc2-cae2738b7385;07726e9e-4fdf-48f4-9f57-6db552f95fab
120669bb-ab3a-44a5-a908-fb0806d51400;ba772eae-e823-403c-a10e-05a3579e97f9;2026-02-01 00:00:00+00;cb325dfa-3a82-4e4d-b53b-a752e6410d6a;متابعه بعد عرض السعر ;;2026-01-27 18:13:45.404507+00;Done;Medium;general;;false;[];Phone call;;[];ce422840-785c-4599-b140-2f6e5c4379b9;c8b4f2fb-39a8-42a9-9a53-301e2fb70046
559fa1b2-3b13-4394-9049-53e888dabdee;04f441c1-7ef2-468b-a19a-412657239bb4;2026-01-20 00:00:00+00;cb325dfa-3a82-4e4d-b53b-a752e6410d6a;معاوده الاتصال وعرض خدماتنا;;2026-01-18 14:13:22.616212+00;Done;Medium;general;;false;[];Phone call;;[];42bc2df9-5be4-4ce7-9f1d-4296aedd1924;eb149622-12ab-4582-9e8d-969a1efc121a
a4172cee-2174-4c7b-8914-1008095d2593;3de7c319-1646-4cf9-a35f-5ab9455e8ad3;2026-01-20 00:00:00+00;cb325dfa-3a82-4e4d-b53b-a752e6410d6a;إرسال عرض سعر للبلوك;;2026-01-18 17:56:05.766997+00;Done;Medium;general;;false;[];Phone call;;[];7e6e165d-ed25-425c-94e3-286e3bb47ed9;359e3db8-28ae-4560-81bb-fde08f1e736f
e3bfab57-ee60-48ca-b6fd-8853773877d3;004dcf8d-b649-46a2-9ae4-52dabf30391d;2026-01-22 00:00:00+00;cb325dfa-3a82-4e4d-b53b-a752e6410d6a;متابعه لحين الرد ;;2026-01-17 15:32:19.59623+00;Done;Medium;general;;false;[];Phone call;;[];ea8a7eec-a476-40ed-b8bb-65e536f1cc50;d69c7cfb-181d-4d5f-9bd2-128ac634eb2a
93b364aa-e526-4b70-810c-90945c2a1583;1fa12e97-02f8-4514-9228-c5b86f0b3bde;2026-01-22 00:00:00+00;cb325dfa-3a82-4e4d-b53b-a752e6410d6a;إرسال عرض السعر للحارس وانتظار رد المالك;;2026-01-18 17:15:40.140391+00;Done;Medium;general;;false;[];In person;;[];9207035e-e59f-4a2b-8d67-88b8e7d11c2a;a2ed7780-bfb0-46b5-8da6-515c6cc48600
3acf2297-47e5-4196-b758-db6927cd185e;8b136951-cbc6-4aba-8041-6fdc427f8100;2026-01-25 00:00:00+00;cb325dfa-3a82-4e4d-b53b-a752e6410d6a;إرسال عرض سعر والاجتماع معه مره اخرى بالموقع بعد تحصيل سعر اقل;;2026-01-18 14:38:29.803473+00;Done;Medium;general;;false;[];WA;;[];b3965ccd-4c37-4369-866f-51639b2b9f98;4d573519-a25a-4f5e-81ed-99fd0c58f477
252bcdec-361a-4400-b425-af5d81fca597;e1cc2066-46c1-4cfb-a78a-195deb8d9b5f;2026-01-29 00:00:00+00;cb325dfa-3a82-4e4d-b53b-a752e6410d6a;متابعه لحين الرد ;;2026-01-22 17:47:52.325856+00;Done;Medium;general;;false;[];Phone call;;[];2f8e223f-5642-4543-9b83-4dc3645345db;ab93e916-cc43-4962-9baa-0f7a3c53fa33
d5a08ca3-55f7-4357-b992-769298712afa;b6e3fd1e-4e20-47b5-ba34-3f337ddc9487;2026-02-01 00:00:00+00;cb325dfa-3a82-4e4d-b53b-a752e6410d6a;متابعه لحين الرد ;;2026-01-28 19:02:35.380196+00;Done;Medium;general;;false;[];Phone call;;[];c6d2eb3c-283d-4695-9626-c94acd00d12d;f29b5096-617d-48ce-9b13-7f84d03cfe75
6ed7109c-c887-43f9-9d03-f445afc830af;cccc186f-50ca-4142-b82a-bbcc92a392ee;2026-02-01 00:00:00+00;cb325dfa-3a82-4e4d-b53b-a752e6410d6a;اعاده التواصل لحين الرد ;;2026-01-27 18:16:01.467911+00;Done;Medium;general;;false;[];Phone call;;[];245f5a2b-d589-4a86-bbfb-e1ced674ef5f;397fdcd4-a368-4d91-bb94-05cbe0cca9ef
801905ce-7c31-4b79-9c73-48734b0e922d;43f19210-9af8-48be-b862-79be1b4dfe99;2026-02-01 00:00:00+00;cb325dfa-3a82-4e4d-b53b-a752e6410d6a;متابعه بعد عرض السعر;;2026-01-27 17:30:52.849963+00;Done;Medium;general;;false;[];Phone call;;[];abc1b65b-afbd-4919-b431-7a187e882665;8a5dd293-0695-40b8-b9ae-2b25d2d05858
a166adde-3078-48c6-8988-f0ddfbd0cf31;4168064f-efaf-4ad1-b494-49d126615502;2025-12-12 00:00:00+00;cb325dfa-3a82-4e4d-b53b-a752e6410d6a;تم التواصل وإرسال عرض سعر;شكرا على تواصلك معنا ونقدر وقتكم ;2025-12-15 11:35:58.920266+00;Closed;Medium;send_quotation;;false;[];Phone call;إرسال عرض سعر;[];;
66fe5b19-f6cb-412d-8541-8b5918ca377e;6e83cd80-50db-4838-9d1f-5ffa1d575056;2025-12-17 00:00:00+00;cb325dfa-3a82-4e4d-b53b-a752e6410d6a;تم التواصل وإرسال عرض سعر;شكرا على تواصلك معنا ونقدر وقتكم ;2025-12-17 12:18:16.967094+00;Closed;Medium;send_quotation;;false;[];Phone call;المشروع في مراحل البناء الأولى في انتظار الوصول لمرحله البلوك ومعاوده الاتصال ;[];;
7dbcbaef-d0ce-46bd-937c-0e15298a0069;ab614dfb-c214-4a39-aac9-05e2c1f95802;2025-12-27 00:00:00+00;cb325dfa-3a82-4e4d-b53b-a752e6410d6a;Attempt to close the deal with final terms.;;2025-12-20 10:51:08.297851+00;Closed;Medium;follow_up_after_offer;;false;[];Phone call;;[];;
83783d61-0947-4557-9f03-8dcb5eae466b;aa4a947d-4f02-4b2f-b91f-020dd3806252;2025-12-30 00:00:00+00;cb325dfa-3a82-4e4d-b53b-a752e6410d6a;Follow up on the submitted offer/proposal.;;2025-12-20 09:14:44.996677+00;Closed;High;follow_up_after_offer;;false;[];Phone call;;[];;
89c14f9b-e789-481e-87b1-90efac5d69dc;8fa14dfb-37ff-449c-aff1-82442f384d18;2025-12-17 00:00:00+00;cb325dfa-3a82-4e4d-b53b-a752e6410d6a;تم التواصل وإرسال عرض سعر;شكرا على تواصلك معنا ونقدر وقتكم ;2025-12-17 09:57:12.302239+00;Closed;Medium;send_quotation;;false;[];Phone call;المشروع في مرحله الحفر ف انتظار بدء العمل ;[];;
91317598-699c-48c5-845e-efa69913195b;fecd4de9-0060-47d6-bc94-8e170d3b6c7d;2025-12-17 00:00:00+00;cb325dfa-3a82-4e4d-b53b-a752e6410d6a;تم التواصل وإرسال عرض سعر;شكرا على تواصلك معنا ونقدر وقتكم ;2025-12-17 10:49:47.038244+00;Closed;Medium;send_quotation;;false;[];Phone call;ارسل عرض سعر;[];;
9bce09ec-4537-4d42-800e-5ccca74cca28;b9282e5d-68e2-4dbf-8802-e662d3eb3d52;2025-12-16 00:00:00+00;cb325dfa-3a82-4e4d-b53b-a752e6410d6a;تم التواصل وإرسال عرض سعر;شكرا على تواصلك معنا ونقدر وقتكم ;2025-12-16 13:14:05.022081+00;Closed;Low;send_quotation;;false;[];WA;ف انتظار رد العميل;[];;
b5ea56c5-3f29-46f9-8c89-b6f667ec696a;de74d685-5313-493f-9a9d-92b82ad5275a;2025-12-15 00:00:00+00;cb325dfa-3a82-4e4d-b53b-a752e6410d6a;متابعه العميل وتحصيل سعر بلوك بركاني وفخاري;;2025-12-15 11:52:13.745211+00;Closed;Medium;follow_up_after_offer;;false;[];Phone call;الأسعار شوي عاليه وعطاني رقم المقاول المسؤل عن البلوك للتفاوض وطلب أسعار البركاني والفخاري;[];;
a45edd03-37d8-4bf2-a277-5cb5d268e774;f7a1832a-1adf-480c-9a50-2c2f677eeec7;2025-12-17 00:00:00+00;cb325dfa-3a82-4e4d-b53b-a752e6410d6a;تم التواصل وإرسال عرض سعر;شكراً على تواصلك معنا ونقدر وقتكم ;2025-12-17 11:44:09.544028+00;Closed;Medium;send_quotation;;false;[];Phone call;إرسال عرض سعر ;[];;
a5868e3f-1ac2-4f88-94f4-af7d633d8ab7;0c480088-c3f9-41fd-857a-53a24ee7e81b;2025-12-17 00:00:00+00;cb325dfa-3a82-4e4d-b53b-a752e6410d6a;تم التواصل وإرسال عرض سعر;شكرا على تواصلك معنا ونقدر وقتكم ;2025-12-17 11:31:52.621359+00;Closed;Medium;send_quotation;;false;[];Phone call;إرسال عرض سعر;[];;
a589060a-bf56-4848-bdac-558c664cf36d;5446a2ca-aae9-4266-b264-b999a14c8645;2025-12-16 00:00:00+00;cb325dfa-3a82-4e4d-b53b-a752e6410d6a;تم التواصل وإرسال عرض سعر ;شكرا على تواصلك معنا ونقدر وقتكم ;2025-12-16 12:33:39.870219+00;Closed;Low;send_quotation;;false;[];WA;ف انتظار رد العميل;[];;
b2c9a981-40dd-456d-96ae-80bb84deaf0e;a46297da-8bb5-4455-9270-04851060bb61;2025-12-17 00:00:00+00;cb325dfa-3a82-4e4d-b53b-a752e6410d6a;تم التواصل على واتساب وإرسال عرض سعر;شكرا على تواصلك معنا ونقدر وقتكم ;2025-12-17 11:34:51.548613+00;Closed;Low;send_quotation;;false;[];WA;ف انتظار رد العميل;[];;
ccd7e110-1834-42e6-8a7a-b33d209ededf;338f68bf-17a2-4ef4-8e49-e70fb2873a31;2025-12-15 00:00:00+00;cb325dfa-3a82-4e4d-b53b-a752e6410d6a;Follow up on the submitted offer/proposal.;;2025-12-15 11:15:53.879976+00;Closed;Medium;follow_up_after_offer;;false;[];Phone call;في مرحله الحفر الان 4 متر يتم حفر 6 متر ثم مراجعه السعر معنا;[];;
bdc092b3-0ca7-4246-9d3d-19b355a4a601;14883293-33ad-44d2-96db-0f9b8251a8f3;2025-12-31 00:00:00+00;cb325dfa-3a82-4e4d-b53b-a752e6410d6a;General follow-up to maintain relationship.;;2025-12-24 07:52:33.571192+00;Closed;Medium;general;;false;[];Phone call;;[];;
78f99a51-36cb-4fc2-bdad-7617535a61a8;bedd0323-b928-4c34-a047-b8857899ce5a;2025-12-20 00:00:00+00;cb325dfa-3a82-4e4d-b53b-a752e6410d6a;تم التواصل وإرسال عرض سعر;شكرا على تواصلك معنا ونقدر وقتكم ;2025-12-20 11:33:48.645482+00;Closed;Medium;send_quotation;;false;[];Phone call;إرسال عرض سعر ;[];;
be7eb829-d81f-47b8-89e2-8d944e0768bd;14883293-33ad-44d2-96db-0f9b8251a8f3;2025-12-27 00:00:00+00;2b7d3b3c-8575-4bd1-8cd8-64cae1f9a43a;Follow up on the submitted offer/proposal.;;2025-12-20 17:15:41.247776+00;Closed;Low;follow_up_after_offer;;false;[];Phone call;;[];;
c368b726-590e-4add-9d8a-57cdf15add3c;dfe06852-fa9b-419f-a38c-c83f45f6056b;2025-12-20 00:00:00+00;cb325dfa-3a82-4e4d-b53b-a752e6410d6a;تم التواصل وإرسال عرض سعر;شكرا على تواصلك معنا ونقدر وقتكم ;2025-12-20 10:59:35.59396+00;Closed;Medium;send_quotation;;false;[];WA;ف انتظار رد العميل;[];;
55922c30-9c13-45a6-a2af-64516e89113e;6f0f8359-f75e-435a-b84c-796ab4f35660;2026-01-22 00:00:00+00;cb325dfa-3a82-4e4d-b53b-a752e6410d6a;إرسال عرض سعر والمتابعه ;;2026-01-18 17:19:22.246457+00;Done;Medium;general;;false;[];Phone call;;[];eb2b8d59-61bc-4426-aa7f-158031e9ef74;d3550f82-07cb-4007-ae53-2827c3a30bf9
a45561da-91cd-48dd-93bd-ebc1e582d75a;ab614dfb-c214-4a39-aac9-05e2c1f95802;2025-12-20 00:00:00+00;cb325dfa-3a82-4e4d-b53b-a752e6410d6a;تم التواصل وإرسال عرض سعر ;شكرا على تواصلك معنا ونقدر وقتكم ;2025-12-20 10:51:08.297851+00;Closed;Medium;send_quotation;;false;[];Phone call;إرسال عرض سعر لعرضه على الاداره;[];;
9ea17d18-c1b8-4348-a5f4-35431262a62d;d949d8af-6f9f-4d38-9e94-2c111ab9ea60;2026-01-24 00:00:00+00;cb325dfa-3a82-4e4d-b53b-a752e6410d6a;إرسال عرض سعر والمتابعه ;;2026-01-17 10:39:09.201743+00;Done;Medium;general;;false;[];Phone call;;[];68a1bdf3-d7a5-4de0-b65e-792911864bbd;e996e5c9-3fcf-49c7-ad3a-1723f3a2fd67
76c21e60-08d1-41c8-bdd0-93c3f00041a8;7d62ff3c-d07f-4e79-81e0-4d0f68162b82;2025-12-20 00:00:00+00;cb325dfa-3a82-4e4d-b53b-a752e6410d6a;تم التواصل وإرسال عرض سعر ;شكرا على تواصلك معنا ونقدر وقتكم ;2025-12-20 10:42:30.690934+00;Closed;High;send_quotation;;false;[];Phone call;أرسال عينه وعرض سعر والمشروع في مرحله الصبه ;[];;
9298a76a-9f54-417d-ba97-8375bcb16cb7;f7500783-39f4-44a3-8ed8-706697256357;2025-12-20 00:00:00+00;cb325dfa-3a82-4e4d-b53b-a752e6410d6a;تم التواصل وإرسال عرض سعر;شكرا على تواصلك معنا ونقدر وقتكم ;2025-12-20 10:27:14.297504+00;Closed;Medium;send_quotation;;false;[];Phone call;إرسال عرض سعر ;[];;
b5edf1d3-1a4a-4571-bfbd-21cb02df3b44;c95134ba-6786-48a5-a15b-c78c0f3a2cf7;2025-12-20 00:00:00+00;cb325dfa-3a82-4e4d-b53b-a752e6410d6a;تم التواصل وإرسال عرض سعر ;شكرا على تواصلك معنا ونقدر وقتكم ;2025-12-20 10:21:44.133119+00;Closed;Medium;send_quotation;;false;[];Phone call;إرسال عرض سعر ;[];;
981986d8-99b3-452b-a763-fc9a97d18728;61a8fb25-6c9b-46db-b4e1-07e1ca47b723;2026-01-25 00:00:00+00;cb325dfa-3a82-4e4d-b53b-a752e6410d6a;إرسال عرض سعر والمتابعه معهم لحين الطلب;;2026-01-18 14:42:17.522895+00;Done;Medium;general;;false;[];WA;;[];eb01b88f-cab1-4416-8ba2-b4c225e15f41;cdb3e03a-741d-48e6-be15-146124cfb3b3
05e19324-f9b3-4ac4-b70e-234e206c7056;63caba4a-5e9a-487b-a2d4-4ec7229753bc;2026-01-25 00:00:00+00;cb325dfa-3a82-4e4d-b53b-a752e6410d6a;متابعه مع العميل ;;2026-01-17 11:32:26.882117+00;Done;Medium;general;;false;[];Phone call;;[];b5c88743-824c-462e-9bd4-28c19df74330;94865071-f1f3-402c-a826-e8441f840a9b
5dd3c4f5-b446-4e99-be68-790fd3a6156e;91681b54-89bf-430d-9973-ee62353e7570;2026-01-25 00:00:00+00;cb325dfa-3a82-4e4d-b53b-a752e6410d6a;إرسال عرض سعر ومتابعه العميل;;2026-01-18 14:17:45.032369+00;Done;Medium;;;false;[];Phone call;;[];;ea7945ba-d789-44d2-a87e-51dbea9c2ffb
f5d20d66-71a9-4a96-9f77-fec855a5d29b;14883293-33ad-44d2-96db-0f9b8251a8f3;2025-12-12 00:00:00+00;cb325dfa-3a82-4e4d-b53b-a752e6410d6a;تم التواصل وإرسال عرض سعر;شكرا على تواصلك معنا ونقدر وقتكم ;2025-12-15 11:43:57.395407+00;Closed;Medium;send_quotation;;false;[];Phone call;إرسال عرض سعر للبلوك;[];;
d6a0a55d-6509-4684-91a9-e37654d5ebc9;48403b4d-bd7b-4ea2-8187-a6acbdb93182;2025-12-16 00:00:00+00;cb325dfa-3a82-4e4d-b53b-a752e6410d6a;تم التواصل وإرسال عرض سعر;شكرا على تواصلك معنا ونقدر وقتكم ;2025-12-16 13:18:06.527592+00;Closed;Low;send_quotation;;false;[];Phone call;إرسال عرض سعر بالواتساب ;[];;
dcd9fa32-acb9-4ca8-a437-d1c84b50616c;26e45f95-d242-4884-8cdd-14362c6e825d;2025-12-27 00:00:00+00;cb325dfa-3a82-4e4d-b53b-a752e6410d6a;Follow up on the submitted offer/proposal.;;2025-12-20 10:32:29.577584+00;Closed;Medium;follow_up_after_offer;;false;[];Phone call;;[];;
3cabbb90-da2e-4fe9-93c1-a267387576e3;0e2408ec-387f-4ca6-9252-c949a6ffa377;2026-02-19 00:00:00+00;cb325dfa-3a82-4e4d-b53b-a752e6410d6a;المتابعه وإرسال عرض سعر لحين توفر مشاريع اخري;;2026-01-18 17:31:54.035192+00;Open;Medium;general;;false;[];Phone call;;[];785ad08c-296f-4f92-9635-90ff39f581a5;c9e6a98e-ec6f-47d6-9ab1-adbab8625e23
dd9b67b1-6c57-4f89-8938-222996209d5d;7d62ff3c-d07f-4e79-81e0-4d0f68162b82;2025-12-27 00:00:00+00;cb325dfa-3a82-4e4d-b53b-a752e6410d6a;Follow up on the submitted offer/proposal.;;2025-12-20 10:42:30.690934+00;Closed;High;follow_up_after_offer;;false;[];Phone call;;[];;
db5d4ffa-0a9a-472b-b21b-843c31f30af1;a07338a1-30d3-4ce6-a7fa-b6fbe9ca69c2;2025-12-20 00:00:00+00;cb325dfa-3a82-4e4d-b53b-a752e6410d6a;تم التواصل وإرسال عرض سعر;شكرا على تواصلك معنا ونقدر وقتكم ;2025-12-20 11:30:36.992896+00;Closed;Medium;send_quotation;;false;[];Phone call;إرسال عرض سعر رسعر بلوك بركاني;[];;
ee08f6bb-ec89-48e3-bbe8-cc43926fee6e;c95134ba-6786-48a5-a15b-c78c0f3a2cf7;2025-12-22 00:00:00+00;cb325dfa-3a82-4e4d-b53b-a752e6410d6a;Follow up on the submitted offer/proposal.;;2025-12-20 10:21:44.133119+00;Closed;Medium;follow_up_after_offer;;false;[];Phone call;;[];;
97e75a97-3d64-430e-a262-e9b2c8025b65;e75f56cc-cc06-4cbd-9166-a96e41e5e7b4;2025-12-27 00:00:00+00;cb325dfa-3a82-4e4d-b53b-a752e6410d6a;تم التواصل وإرسال عرض سعر ;شكرا على تواصلك معنا ونقدر وقتكم ;2025-12-27 11:30:40.385952+00;Closed;Medium;send_quotation;;false;[];Phone call;إرسال عرض سعر وإرساله للمقاول;[];;
4a617efb-820a-4da9-97ad-4af692fdd1ce;e75f56cc-cc06-4cbd-9166-a96e41e5e7b4;2026-01-03 00:00:00+00;cb325dfa-3a82-4e4d-b53b-a752e6410d6a;Follow up on the submitted offer/proposal.;;2025-12-27 11:30:40.385952+00;Done;Medium;follow_up_after_offer;;false;[];Phone call;;[];;
ec0be435-d484-40d6-83e2-e0cf2f3a4d40;03b950a5-4a28-453c-92c4-5cf9fa744649;2025-12-27 00:00:00+00;cb325dfa-3a82-4e4d-b53b-a752e6410d6a;تم التواصل وإرسال عرض سعر ;شكرا على تواصلك معنا ونقدر وقتكم ;2025-12-27 11:22:29.204789+00;Closed;Medium;send_quotation;;false;[];Phone call;إرسال عرض سعر ;[];;
effad3b6-b826-439f-88a2-e640607fc4cb;bfaeba9f-d9b8-4d7c-8ef2-5bbb26aedc8e;2025-12-27 00:00:00+00;cb325dfa-3a82-4e4d-b53b-a752e6410d6a;تم التواصل وإرسال عرض سعر;شكرا على تواصلك معنا ونقدر وقتكم ;2025-12-27 10:13:34.297377+00;Closed;Medium;send_quotation;;false;[];Phone call;إرسال عرض سعر ;[];;
33317ea9-ecf5-4512-99f4-571f35ddfbd7;14883293-33ad-44d2-96db-0f9b8251a8f3;2025-12-24 00:00:00+00;cb325dfa-3a82-4e4d-b53b-a752e6410d6a;تم التواصل وغير محتاج الان بلوك ;شكرا على تواصلك معنا ونقدر وقتكم ;2025-12-24 07:52:33.571192+00;Closed;Medium;general;;false;[];Phone call;غير محتاج الان التواصل عند احتياج البلوك ;[];;
5a476197-6822-4916-8a03-873d425ec182;1f4fa3d2-52fc-46b0-9a52-e29575caedbc;2026-02-28 00:00:00+00;cb325dfa-3a82-4e4d-b53b-a752e6410d6a;متابعه ف حين البدء ف مشروع آخر ;;2026-01-28 18:38:10.698905+00;Open;Medium;general;;false;[];Phone call;;[];514844a9-9c09-4919-a917-5912b32e99c1;a48939c4-fccf-4dd8-849d-4f2bfbf79e70
016241ad-d75e-4bec-84d8-a8b1ba620ac6;f1625abc-3000-490a-be4b-033a37e70481;2026-02-03 00:00:00+00;cb325dfa-3a82-4e4d-b53b-a752e6410d6a;ما زال الجوال مغلق;;2026-02-03 10:46:21.168841+00;Closed;Medium;;;false;[];Phone call;;[];;a28e3022-1c1d-41bf-8d39-45fca187cfe9
4d19ec97-1e4d-4680-b1d1-0bfbf49bfbbc;a2f27198-401f-4fc6-99e3-66ac850816bf;2026-02-04 00:00:00+00;cb325dfa-3a82-4e4d-b53b-a752e6410d6a;ك;;2026-02-04 10:12:25.641862+00;Closed;Medium;;;false;[];Phone call;مراجعه الأسعار والطلب عند الاحتياج;[];;
6f192a9f-7520-4228-9689-ae96590665a6;798b25be-1313-467e-9999-5aee00975139;2026-01-25 00:00:00+00;cb325dfa-3a82-4e4d-b53b-a752e6410d6a;متابعه لحين رد العميل وإرسال عرض سعر;;2026-01-19 16:30:49.138167+00;Done;Medium;general;;false;[];Phone call;;[];ac51d5fa-d192-4c58-9874-f7a528a96ec6;5019c3f0-aed8-46fe-b55d-b74daa37328d
ab3d939c-b688-4862-bdb3-c79a253acdc1;f1625abc-3000-490a-be4b-033a37e70481;2026-02-03 00:00:00+00;cb325dfa-3a82-4e4d-b53b-a752e6410d6a;;;2026-02-02 10:03:57.72599+00;Done;Medium;;;false;[];Phone call;;[];;a28e3022-1c1d-41bf-8d39-45fca187cfe9
a4990f3b-0bce-47cd-a4d5-a83c0c53df41;1d958abd-134b-4668-b7a3-a6cca98b6e3c;2026-01-21 00:00:00+00;cb325dfa-3a82-4e4d-b53b-a752e6410d6a;متابعه بعد عرض السعر;;2026-01-19 17:46:29.81922+00;Done;Medium;general;;false;[];Phone call;;[];2bd3b925-a88c-4895-8160-cbb0beb58650;edea6a2d-a6bf-48e9-91e4-ad1c17713219
880d445e-c86f-4cfd-9665-4bff8517f1c8;00bf2154-80fc-44db-8e58-0416f3aea810;2026-01-26 00:00:00+00;cb325dfa-3a82-4e4d-b53b-a752e6410d6a;المتابعه بعد إرسال عرض السعر ;;2026-01-22 15:53:50.054297+00;Done;Medium;general;;false;[];Phone call;;[];e12d3694-fc32-44be-9f6a-67fd27022a2f;3b69963e-368b-4d22-a5ec-a6e66094ce1a
70f16b8d-8500-47b6-8a76-9ca2a03dd74d;508f4200-4c53-4ad9-b2a1-fee66c152ef4;2026-01-24 00:00:00+00;cb325dfa-3a82-4e4d-b53b-a752e6410d6a;متابعه بعد السعر المرور للموقع;;2026-01-22 16:52:47.825177+00;Done;Medium;general;;false;[];Meeting;;[];ea64c6ac-f3eb-4539-83f0-09ae5183ce5a;4f2c967d-c85b-453a-8946-b98497121fa5
534553fe-cc13-4f91-8566-4e6c44326a33;71fe65dd-78ce-4361-a2c9-1443b895cea4;2026-01-27 00:00:00+00;cb325dfa-3a82-4e4d-b53b-a752e6410d6a;متابعه بعد عرض السعر;;2026-01-22 17:18:56.648281+00;Done;Medium;general;;false;[];Phone call;;[];9c4c9a51-df5f-4b87-ab2b-2f411a3fd8a4;a2bb3391-675a-498b-961c-9f84ddbbce09
6b680e46-3a31-44ad-b26e-2d65428591a7;65e07008-d96a-468c-bfa9-a73e0f072dc0;2026-01-29 00:00:00+00;cb325dfa-3a82-4e4d-b53b-a752e6410d6a;متابعه بعد عرض السعر;;2026-01-27 17:33:58.848247+00;Done;Medium;general;;false;[];Phone call;;[];712ba811-e15b-449b-aad1-dcb6dc8d06db;fff6ded5-278c-45d2-bfe7-69b4f435e9b5
453aad95-75c5-4ea2-83da-1cb71f0ddfdb;269c7710-72be-4d55-bea0-f16be00e89be;2026-01-18 00:00:00+00;cb325dfa-3a82-4e4d-b53b-a752e6410d6a;متابعه العميل بعد عرض السعر;;2026-01-17 15:11:55.842801+00;Done;Medium;;;false;[];Phone call;;[];;8f43073d-c977-4248-8684-a0832e9a0298
9f8515b0-0065-4dd6-9326-ec57839744ef;5e35af6a-8920-4c27-acc0-a1bfd108ffbf;2026-01-19 00:00:00+00;cb325dfa-3a82-4e4d-b53b-a752e6410d6a;متابعه بعد عرض السعر لحين الطلب;;2026-01-17 15:40:00.53134+00;Done;Medium;general;;false;[];WA;;[];91a7925d-88ea-4c74-ab5b-399075e80302;8378cb8d-7309-46b5-b597-a77b8a91c227
839bd1f4-03e5-4f66-90da-35b65c3149ce;417b0609-b01a-4d8e-b62d-5b7da0cd9f08;2026-01-20 00:00:00+00;cb325dfa-3a82-4e4d-b53b-a752e6410d6a;إرسال عرض سعر والمتابعه;;2026-01-19 16:06:45.779104+00;Done;Medium;general;;false;[];Phone call;;[];4c488d5b-0bfa-4543-aefb-b07965ac25e3;4e7fd106-c372-4825-a8fe-b015d437255a
5335d00c-9020-49cd-99b4-c2ec667a0974;a857ac4d-efeb-4d65-9b10-bb1b0fb660ac;2026-01-24 00:00:00+00;cb325dfa-3a82-4e4d-b53b-a752e6410d6a;إرسال عرض سعر بعد تعديل الأسعار لدينا والمتابعه;;2026-01-17 10:43:45.382835+00;Done;Medium;general;;false;[];WA;;[];64dc4bd2-ede4-434b-8ed3-4075c1889914;f19b8491-6639-48ed-86e5-62b758f58738
475d3921-386a-4423-bb15-6fe30ff6c8f1;4571f7fe-8098-4d1c-af0d-0d418b5ac116;2026-01-25 00:00:00+00;cb325dfa-3a82-4e4d-b53b-a752e6410d6a;إرسال عرض سعر عند تحصيل أسعار اللبنه الذهبيه ;;2026-01-18 14:46:11.230687+00;Done;Medium;general;;false;[];WA;;[];245a6f22-7358-46f7-a369-88db0163219b;81df6919-2075-4375-8df0-38194ff9e6bd
fd815092-c94d-46b9-b171-da69bc7d1222;89d39a37-e5cc-487c-9f10-4e7e083de765;2026-01-25 00:00:00+00;cb325dfa-3a82-4e4d-b53b-a752e6410d6a;متابعه لحين الرد وإرسال عرض سعر ;;2026-01-18 14:21:16.697639+00;Done;Medium;general;;false;[];Phone call;;[];a335d97b-f4e4-4a0d-8ef7-a82504991ef6;6888aa14-86ff-4b4f-84ca-50672600e6f3
515d55a6-20d8-4c0d-8a9d-2c3048490f50;a6a809d8-eef8-4d8b-96e8-0a9364b7ff79;2026-01-26 00:00:00+00;cb325dfa-3a82-4e4d-b53b-a752e6410d6a;متابعه بعد عرض السعر;;2026-01-22 17:52:07.894928+00;Done;Medium;general;;false;[];WA;;[];03ae07ea-4e59-4c6d-8cb2-8ae93c59c241;d1e9cfe3-1cda-4f01-b637-6cde2984bfc8
a74b2ed7-b266-4239-8672-65fa9674daa8;d3cf0b86-5b49-4d3b-873b-e405da0c7a58;2026-02-01 00:00:00+00;cb325dfa-3a82-4e4d-b53b-a752e6410d6a;متابعه بعد عرض السعر ;;2026-01-28 19:07:22.903381+00;Done;Medium;general;;false;[];Phone call;;[];3484988f-e44f-4d55-8c41-c405849b18d7;2715d53a-9601-45f5-8a1e-e38c5030de6c
1422fa7f-f7fc-41d0-9613-6102bcf5fa26;12511b1c-d9b9-406c-8ef0-4ca568c712f0;2026-02-04 00:00:00+00;cb325dfa-3a82-4e4d-b53b-a752e6410d6a;مراجعه عرض السعر ومتابعته مره اخري;;2026-02-04 10:07:26.296678+00;Closed;Medium;;;false;[];Phone call;;[];;efbdf474-e4c4-44af-88a4-a725cc75ba5d
070e4266-1e99-4501-93f1-fcc91e91ef9c;1d958abd-134b-4668-b7a3-a6cca98b6e3c;2026-02-08 00:00:00+00;cb325dfa-3a82-4e4d-b53b-a752e6410d6a;;;2026-02-04 10:03:25.13372+00;Done;Medium;;;false;[];Phone call;;[];;edea6a2d-a6bf-48e9-91e4-ad1c17713219
b7f8d35b-1f94-4526-85a3-19227cc42ef0;1d958abd-134b-4668-b7a3-a6cca98b6e3c;2026-02-04 00:00:00+00;cb325dfa-3a82-4e4d-b53b-a752e6410d6a;العميل يراجع الأسعار و اعاده التواصل لاحقا ;;2026-02-04 10:03:25.13372+00;Done;Medium;;;false;[];Phone call;;[];;edea6a2d-a6bf-48e9-91e4-ad1c17713219
a36662a7-8010-44f2-8d53-e1923541f17e;12511b1c-d9b9-406c-8ef0-4ca568c712f0;2026-02-08 00:00:00+00;cb325dfa-3a82-4e4d-b53b-a752e6410d6a;;;2026-02-04 10:07:26.296678+00;Done;Medium;;;false;[];Phone call;;[];;efbdf474-e4c4-44af-88a4-a725cc75ba5d
f1c07271-89a8-42f7-a4ad-2c176c454269;21f74f7f-3859-4e3b-b215-83342105cf08;2026-02-04 00:00:00+00;cb325dfa-3a82-4e4d-b53b-a752e6410d6a;متابعه العميل لاحقا لتأكيد مراجعه عرض السعر;;2026-02-04 10:18:16.745085+00;Closed;Medium;;;false;[];Phone call;مراجعه عرض السعر ;[];;c6d037e1-743a-42fd-80ae-8caa1165909e
6b66bd19-19e5-4aca-bfd9-8445a4d60a65;00bf2154-80fc-44db-8e58-0416f3aea810;2026-02-04 00:00:00+00;cb325dfa-3a82-4e4d-b53b-a752e6410d6a;لم يرد ;;2026-02-04 10:22:38.512769+00;Closed;Medium;;;false;[];Phone call;;[];;3b69963e-368b-4d22-a5ec-a6e66094ce1a
2fb1586a-1f83-455a-894e-c9a7c1d5c8a1;1c987332-b46f-4ba1-ba99-d635c97d0c1c;2026-02-04 00:00:00+00;cb325dfa-3a82-4e4d-b53b-a752e6410d6a;لم  يرد;;2026-02-04 10:43:22.6651+00;Closed;Medium;;;false;[];Phone call;;[];;ef5db4ae-3f08-467f-88eb-c7320bde6992
85124223-d6be-4a6c-b91b-6c9f3237c531;c95134ba-6786-48a5-a15b-c78c0f3a2cf7;2026-02-03 00:00:00+00;cb325dfa-3a82-4e4d-b53b-a752e6410d6a;لم يرد ;;2026-02-03 09:42:58.172374+00;Done;Medium;;;false;[];Phone call;;[];;fb0d5e90-fc47-4d80-bb4e-e32a979f5368
408b0bbe-62dd-4c4c-80d0-87d8b29c8620;a3cd4d35-4acf-44d8-9156-39a6ad51482a;2026-01-26 00:00:00+00;cb325dfa-3a82-4e4d-b53b-a752e6410d6a;متابعه بعد عرض السعر;;2026-01-19 16:22:37.591643+00;Done;Medium;general;;false;[];Phone call;;[];36544908-d4b5-466b-9abd-b4d9348f3964;f490dc82-b908-40d7-8e12-df263fa2d7b2
aa45e80e-7627-4a9a-aa6a-67585c71544a;a3cd4d35-4acf-44d8-9156-39a6ad51482a;2026-02-03 00:00:00+00;cb325dfa-3a82-4e4d-b53b-a752e6410d6a;لديهم موردين بسعر أقل والاداره رفضت بسبب ارتفاع الأسعار يحصلون بلوك ٢٠ بسعر ٢١٠٠;;2026-02-03 09:54:29.415937+00;Done;Medium;;;false;[];Phone call;;[];;f490dc82-b908-40d7-8e12-df263fa2d7b2
e2b44e54-b424-4360-8db8-ca7362ade8db;2aa108a4-8c69-4175-bf61-5cc7d0a90246;2026-01-21 00:00:00+00;cb325dfa-3a82-4e4d-b53b-a752e6410d6a;متابعه بعد عرض السعر;;2026-01-19 16:26:38.52607+00;Done;Medium;general;;false;[];Phone call;;[];6b9bd8d2-64ed-44e2-99a0-083a0091dd05;fb831a96-a390-470d-abfe-7538df535085
194eae20-18f2-4694-8b0b-0941d0716f0b;2992b8c5-7354-4f70-a9a2-34ecdd142596;2026-01-26 00:00:00+00;cb325dfa-3a82-4e4d-b53b-a752e6410d6a;إرسال عرض سعر للبنه الذهبيه وعرض سعر عام ;;2026-01-19 16:33:47.016265+00;Done;Medium;general;;false;[];WA;;[];7a512fa1-12ef-4f43-80e0-fc96f5b4b569;b1ec910d-bcde-44c1-9796-a115c52e3a36
2d49b7de-3fa4-45c1-b251-b67560b1d9f0;9d830f43-eb82-4ccb-802b-6607a80b90e0;2026-01-26 00:00:00+00;cb325dfa-3a82-4e4d-b53b-a752e6410d6a;متابعه وإرسال عرض سعر ;;2026-01-19 16:37:10.803585+00;Done;Medium;general;;false;[];Phone call;;[];ed60d6d0-9259-4788-941c-3e3f9b67f32b;5767d2b9-9cbf-4a64-b86b-6cd7a39bfd19
772f274e-aceb-48d9-96ad-626c571cd329;1cb37589-9eef-481d-b569-e0030ad56de2;2026-02-04 00:00:00+00;cb325dfa-3a82-4e4d-b53b-a752e6410d6a;لم يرد ;;2026-02-04 11:16:41.738361+00;Closed;Medium;;;false;[];Phone call;ع;[];;69b77010-6644-4328-9cdf-4fe6f1113616
3193ca91-9392-4744-8251-f4b94ce7b375;9478d2e2-c422-47d5-8c34-6ed72a8d3d87;2026-02-04 00:00:00+00;cb325dfa-3a82-4e4d-b53b-a752e6410d6a;لم يرد ;;2026-02-04 11:26:54.310047+00;Closed;Medium;;;false;[];Phone call;;[];;52ea1946-bb9b-4c23-9799-cbf239f7f7d2
3b17ce47-097c-44c2-a436-d08a62dd12f0;40e16d49-322d-4537-af33-bb18b08daa34;2026-02-05 00:00:00+00;cb325dfa-3a82-4e4d-b53b-a752e6410d6a;لم يرد ;;2026-02-05 09:24:14.312503+00;Closed;Medium;;;false;[];Phone call;;[];;f67a14d7-07d3-4fd4-89df-9eb29a99e7b2
80c7f2b1-21f9-4f7a-ac04-0e102c81d160;5224c7c3-d036-4c29-b346-bc3cf4e27b1b;2026-02-05 00:00:00+00;cb325dfa-3a82-4e4d-b53b-a752e6410d6a;;;2026-02-05 09:28:10.427642+00;Closed;Medium;;;false;[];Phone call;في اجتماع اعاده الاتصال ب وقت آخر ;[];;0ffcc4e2-10f3-49ff-b98c-6d1e12b393d8
517435c4-40d3-4949-b51f-6267e35a987f;284fe64e-f2c2-4d94-8455-1a12d78afda7;2026-01-18 00:00:00+00;cb325dfa-3a82-4e4d-b53b-a752e6410d6a;متابعه لحين رد العميل ;;2026-01-17 15:36:21.045892+00;Done;Medium;general;;false;[];Phone call;;[];77932174-045b-4b98-9cbf-739b751be159;9d669f2a-719d-4e2c-b4c0-af95873db580
1ef75b77-0a9f-4b3c-9bed-53c8137de8ae;269c7710-72be-4d55-bea0-f16be00e89be;2026-02-09 00:00:00+00;cb325dfa-3a82-4e4d-b53b-a752e6410d6a;;;2026-02-09 11:52:49.818129+00;Closed;Medium;;;false;[];Phone call;تم ارسال عرض السعر للاداره وف انتظار الرد;[];;8f43073d-c977-4248-8684-a0832e9a0298
cc2a1472-8243-471e-bdd2-ba16d3ffb4ca;269c7710-72be-4d55-bea0-f16be00e89be;2026-02-16 00:00:00+00;cb325dfa-3a82-4e4d-b53b-a752e6410d6a;متابعه معهم لحين رد الاداره;;2026-02-09 11:52:49.818129+00;Open;Medium;;;false;[];Phone call;;[];;8f43073d-c977-4248-8684-a0832e9a0298
40234e31-5de8-4fa8-8627-5b4d43599511;925da655-f88e-4e24-9aea-4a1c4c6cc3b9;2026-02-09 00:00:00+00;cb325dfa-3a82-4e4d-b53b-a752e6410d6a;لم يرد;;2026-02-09 12:06:32.690398+00;Closed;Medium;;;false;[];Phone call;;[];;e6c6e3ad-30a7-41db-8e95-2e77b2144502
985f3a86-568b-4f7e-81c0-9e2f87fecf9e;5e9946e3-ac31-42da-b0c3-d367cff84188;2026-02-08 00:00:00+00;cb325dfa-3a82-4e4d-b53b-a752e6410d6a;تم ارسال عينه للبلوك البركاني الجفالي وف انتظار التعميد ;;2026-02-09 12:32:57.573779+00;Closed;Medium;;;false;[];Meeting;;[];;b0f21912-af04-4c27-9252-98728f0c38ec
d1326414-12da-4243-bc07-8526a2d3f123;5e9946e3-ac31-42da-b0c3-d367cff84188;2026-02-09 00:00:00+00;cb325dfa-3a82-4e4d-b53b-a752e6410d6a;لم يرد;;2026-02-09 12:32:57.573779+00;Closed;Medium;;;false;[];Phone call;;[];;b0f21912-af04-4c27-9252-98728f0c38ec
2462f7ca-190e-4064-84d8-7f2084544e5e;d93c609a-65db-4d57-aed9-4e69dba347a2;2026-01-19 00:00:00+00;cb325dfa-3a82-4e4d-b53b-a752e6410d6a;متابعه المشتريات لحين الرد ;;2026-01-17 11:15:41.838639+00;Done;Medium;general;;false;[];WA;;[];e385d01d-5113-4e27-884d-0fa06b546d40;87a6eb4c-b805-4680-baea-f7176c493dcc
92abeafe-2148-4d84-b920-08c8ce170867;50b50aa0-e841-4716-a186-6ebe15dedaa2;2026-02-10 00:00:00+00;cb325dfa-3a82-4e4d-b53b-a752e6410d6a;لم يرد ;;2026-02-10 09:44:10.834829+00;Closed;Medium;;;false;[];Phone call;;[];;26feae9f-49b5-4a6b-8d36-befd6a3b3db4
ada8e61f-91e5-416c-9f48-a6830c0995bd;896f5a23-d153-4055-873d-b79ac62ef287;2026-02-10 00:00:00+00;cb325dfa-3a82-4e4d-b53b-a752e6410d6a;;;2026-02-10 09:58:05.358775+00;Closed;Medium;;;false;[];Phone call;ليس لديهم مشاريع قائمه الان;[];;1c42c008-420c-4a64-b424-a3890a30d6de
167d3418-ebca-488a-8184-66f49171468d;04f441c1-7ef2-468b-a19a-412657239bb4;2026-02-10 00:00:00+00;cb325dfa-3a82-4e4d-b53b-a752e6410d6a;;;2026-02-10 10:00:23.153116+00;Closed;Medium;;;false;[];Phone call;ليس لديهم مشاريع قائمه الان;[];;eb149622-12ab-4582-9e8d-969a1efc121a
f9b0565c-0ce7-4478-9cda-1c10884746c4;fe78ce0b-c719-445c-90d9-798901a61176;2026-02-10 00:00:00+00;cb325dfa-3a82-4e4d-b53b-a752e6410d6a;لم يدر;;2026-02-10 10:04:27.488379+00;Closed;Medium;;;false;[];Phone call;;[];;9f02cc75-c164-49fd-a547-065e8cd74d26
7e52a4ad-1c85-464a-bcca-d1ffdd67da1a;affeacf6-b03c-4627-bebb-0bfa9dc3f705;2026-02-10 00:00:00+00;cb325dfa-3a82-4e4d-b53b-a752e6410d6a;لم يرد;;2026-02-10 10:11:04.056821+00;Closed;Medium;;;false;[];Phone call;;[];;106f82c2-4063-4a6d-8bc4-ae1ed91110ad
9fdbfb50-d0ad-4a06-9b22-f7e3b6c409f5;8144f52b-532a-4e36-a246-9713c1ab7acc;2026-02-10 00:00:00+00;cb325dfa-3a82-4e4d-b53b-a752e6410d6a;;;2026-02-10 10:16:31.363156+00;Closed;Medium;;;false;[];Phone call;تم ارسال عرض السعر للاداره وف انتظار الرد;[];;f4d7eae9-b1c2-4042-8446-644ed43b4364
a35c67a0-4faf-49c0-bbea-19afab1c9b2f;3de7c319-1646-4cf9-a35f-5ab9455e8ad3;2026-02-10 00:00:00+00;cb325dfa-3a82-4e4d-b53b-a752e6410d6a;;;2026-02-10 10:20:51.507853+00;Closed;Medium;;;false;[];Phone call;مراجعه عرض السعر;[];;359e3db8-28ae-4560-81bb-fde08f1e736f
23ca30b3-989f-48fb-8c78-2162303c7725;1cb37589-9eef-481d-b569-e0030ad56de2;2026-02-05 00:00:00+00;cb325dfa-3a82-4e4d-b53b-a752e6410d6a;;;2026-02-04 11:16:41.738361+00;Done;Medium;;;false;[];Phone call;;[];;69b77010-6644-4328-9cdf-4fe6f1113616
39b7ed58-766f-4f61-b631-7fc9e9ee7343;21f74f7f-3859-4e3b-b215-83342105cf08;2026-02-07 00:00:00+00;cb325dfa-3a82-4e4d-b53b-a752e6410d6a;;;2026-02-04 10:18:16.745085+00;Done;Medium;;;false;[];Phone call;;[];;c6d037e1-743a-42fd-80ae-8caa1165909e
c23b60da-17ba-423d-8296-43921f971b01;5224c7c3-d036-4c29-b346-bc3cf4e27b1b;2026-02-08 00:00:00+00;cb325dfa-3a82-4e4d-b53b-a752e6410d6a;;;2026-02-05 09:28:10.427642+00;Done;Medium;;;false;[];Phone call;;[];;0ffcc4e2-10f3-49ff-b98c-6d1e12b393d8
87939f6e-5ed7-41a7-bfdc-6c0531c4650d;5e9946e3-ac31-42da-b0c3-d367cff84188;2026-02-10 00:00:00+00;cb325dfa-3a82-4e4d-b53b-a752e6410d6a;;;2026-02-09 12:32:57.573779+00;Done;Medium;;;false;[];Phone call;;[];;b0f21912-af04-4c27-9252-98728f0c38ec
49f65520-7c0e-48b7-b7c9-45b568bdcde6;925da655-f88e-4e24-9aea-4a1c4c6cc3b9;2026-02-10 00:00:00+00;cb325dfa-3a82-4e4d-b53b-a752e6410d6a;;;2026-02-09 12:06:32.690398+00;Done;Medium;;;false;[];Phone call;;[];;e6c6e3ad-30a7-41db-8e95-2e77b2144502
dbb711fe-7581-4e43-9d6e-466a605159b1;a2f27198-401f-4fc6-99e3-66ac850816bf;2026-02-11 00:00:00+00;cb325dfa-3a82-4e4d-b53b-a752e6410d6a;;;2026-02-04 10:12:25.641862+00;Done;Medium;;;false;[];Phone call;;[];;6494779e-661e-44c1-b9aa-1af015d7f804
239e8024-f70e-481f-aa02-5a12ce79cdea;1c987332-b46f-4ba1-ba99-d635c97d0c1c;2026-02-11 00:00:00+00;cb325dfa-3a82-4e4d-b53b-a752e6410d6a;;;2026-02-04 10:43:22.6651+00;Done;Medium;;;false;[];Phone call;;[];;ef5db4ae-3f08-467f-88eb-c7320bde6992
2ab6b027-631c-4be7-ab4d-97644b75ca65;50b50aa0-e841-4716-a186-6ebe15dedaa2;2026-02-11 00:00:00+00;cb325dfa-3a82-4e4d-b53b-a752e6410d6a;;;2026-02-10 09:44:10.834829+00;Done;Medium;;;false;[];Phone call;;[];;26feae9f-49b5-4a6b-8d36-befd6a3b3db4
432c0f36-33e5-407c-9585-345ae7a6abde;affeacf6-b03c-4627-bebb-0bfa9dc3f705;2026-02-11 00:00:00+00;cb325dfa-3a82-4e4d-b53b-a752e6410d6a;;;2026-02-10 10:11:04.056821+00;Done;Medium;;;false;[];Phone call;;[];;106f82c2-4063-4a6d-8bc4-ae1ed91110ad
0262f907-3f64-43dd-a6f5-6cac619560f9;40e16d49-322d-4537-af33-bb18b08daa34;2026-02-12 00:00:00+00;cb325dfa-3a82-4e4d-b53b-a752e6410d6a;;;2026-02-05 09:24:14.312503+00;Done;Medium;;;false;[];Phone call;;[];;f67a14d7-07d3-4fd4-89df-9eb29a99e7b2
27ea9a7f-ba80-49f1-827d-a05b817c7e23;8144f52b-532a-4e36-a246-9713c1ab7acc;2026-02-12 00:00:00+00;cb325dfa-3a82-4e4d-b53b-a752e6410d6a;;;2026-02-10 10:16:31.363156+00;Done;Medium;;;false;[];Phone call;;[];;f4d7eae9-b1c2-4042-8446-644ed43b4364
e8d30fb8-0869-466c-a84f-0a9981de43c9;3de7c319-1646-4cf9-a35f-5ab9455e8ad3;2026-02-14 00:00:00+00;cb325dfa-3a82-4e4d-b53b-a752e6410d6a;;;2026-02-10 10:20:51.507853+00;Open;Medium;;;false;[];Phone call;;[];;359e3db8-28ae-4560-81bb-fde08f1e736f
38c11f22-e21f-408f-a6b7-160e853aca1d;49f78269-1e24-4e15-b676-1f1e3b232ff7;2026-02-08 00:00:00+00;cb325dfa-3a82-4e4d-b53b-a752e6410d6a;;;2026-02-10 10:42:41.583422+00;Closed;Medium;;;false;[];WA;يحتاج بركاني جفالي ضغط ٣٥;[];;573673c4-8728-4294-8dd7-7455c0f85302
a6830925-23b6-417d-8b9b-c9ba5e603f06;49f78269-1e24-4e15-b676-1f1e3b232ff7;2026-02-10 00:00:00+00;cb325dfa-3a82-4e4d-b53b-a752e6410d6a;;;2026-02-10 10:42:41.583422+00;Closed;Medium;;;false;[];Phone call;السعر غير مناسب ;[];;573673c4-8728-4294-8dd7-7455c0f85302
eb6ce5f0-4985-4e0b-a9cb-6d1dfc0fd8b3;5a3c706e-111e-4d55-9444-a844455a3a6c;2026-02-10 00:00:00+00;cb325dfa-3a82-4e4d-b53b-a752e6410d6a;لم يرد ;;2026-02-10 10:54:19.692489+00;Closed;Medium;;;false;[];Phone call;;[];;5e0d6ad9-aafc-41b0-8f89-661dc9065c4a
59bd69ae-db69-4fac-8270-f980868d39dd;d949d8af-6f9f-4d38-9e94-2c111ab9ea60;2026-02-10 00:00:00+00;cb325dfa-3a82-4e4d-b53b-a752e6410d6a;لم يرد ;;2026-02-10 10:59:46.766835+00;Closed;Medium;;;false;[];Phone call;;[];;e996e5c9-3fcf-49c7-ad3a-1723f3a2fd67
e4196bc4-9858-4893-b5f5-8dcb8a98a10b;486b87ea-a037-4270-91cd-645420ddf230;2026-02-10 00:00:00+00;cb325dfa-3a82-4e4d-b53b-a752e6410d6a;;;2026-02-10 11:06:49.542536+00;Closed;Medium;;;false;[];Phone call;مراجعه الاسعار;[];;bee30c85-7147-4b64-be60-2b907af78c9d
fb782554-301c-48f4-a5f5-860d5e6578b4;a857ac4d-efeb-4d65-9b10-bb1b0fb660ac;2026-02-10 00:00:00+00;cb325dfa-3a82-4e4d-b53b-a752e6410d6a;;;2026-02-10 11:09:23.012325+00;Closed;Medium;;;false;[];Phone call;لديهم أسعار أقل في البلوك;[];;f19b8491-6639-48ed-86e5-62b758f58738
608464ff-7a99-4b9d-83a1-f3d6f2d2f757;a857ac4d-efeb-4d65-9b10-bb1b0fb660ac;2026-02-10 00:00:00+00;cb325dfa-3a82-4e4d-b53b-a752e6410d6a;;;2026-02-10 11:10:09.835683+00;Closed;Medium;;;false;[];Phone call;لديهم أسعار أقل في البلوك;[];;f19b8491-6639-48ed-86e5-62b758f58738
718d884a-74f9-4060-887a-c19e10d1fd2e;61a8fb25-6c9b-46db-b4e1-07e1ca47b723;2026-02-16 00:00:00+00;cb325dfa-3a82-4e4d-b53b-a752e6410d6a;;;2026-02-16 10:50:49.504753+00;Closed;Medium;;;false;[];Phone call;تم ارسال عرض سعر البلوك لمالك المشروع ولديهم موردين معتمدين لديهم;[];;cdb3e03a-741d-48e6-be15-146124cfb3b3
357f352c-07c3-41f3-98e8-804e9d5b461c;63caba4a-5e9a-487b-a2d4-4ec7229753bc;2026-02-16 00:00:00+00;cb325dfa-3a82-4e4d-b53b-a752e6410d6a;;;2026-02-16 10:59:26.284098+00;Closed;Medium;;;false;[];Phone call;متعاقدين مع شركه بخوص الخرسانه والبلوك بعد رمضان;[];;94865071-f1f3-402c-a826-e8441f840a9b
654c99dd-3b9e-48c3-acb6-86edfe8ed890;63caba4a-5e9a-487b-a2d4-4ec7229753bc;2026-03-25 00:00:00+00;cb325dfa-3a82-4e4d-b53b-a752e6410d6a;;;2026-02-16 10:59:26.284098+00;Open;Medium;;;false;[];Phone call;;[];;94865071-f1f3-402c-a826-e8441f840a9b
58b2322f-d946-4f7f-9cf9-451823a297c5;f03e8e33-3306-4cd9-aa8c-ad043067c46f;2026-02-16 00:00:00+00;cb325dfa-3a82-4e4d-b53b-a752e6410d6a;;;2026-02-16 11:02:43.788002+00;Closed;Medium;;;false;[];Phone call;مراجعه عرض السعر ;[];;8c79a371-bb8a-4490-b7f5-3afec18eff6a
49b22670-1ff8-4205-a818-8b1d3b4db207;f03e8e33-3306-4cd9-aa8c-ad043067c46f;2026-02-18 00:00:00+00;cb325dfa-3a82-4e4d-b53b-a752e6410d6a;;;2026-02-16 11:02:43.788002+00;Open;Medium;;;false;[];Phone call;;[];;8c79a371-bb8a-4490-b7f5-3afec18eff6a
9b5c4ce4-90f9-4734-8e64-10c7b3aed9b7;9c04310e-7d95-49a7-b87d-3e627eb14529;2026-02-16 00:00:00+00;cb325dfa-3a82-4e4d-b53b-a752e6410d6a;لم يرد ;;2026-02-16 11:11:45.704715+00;Closed;Medium;;;false;[];Phone call;;[];;326558d0-c7cf-4a7a-a51f-44bbfb2e6e12
b260d00c-b1e1-48bf-ada3-1b6536ba9ca5;4571f7fe-8098-4d1c-af0d-0d418b5ac116;2026-02-16 00:00:00+00;cb325dfa-3a82-4e4d-b53b-a752e6410d6a;لم يرد ;;2026-02-16 11:14:58.08839+00;Closed;Medium;;;false;[];Phone call;;[];;81df6919-2075-4375-8df0-38194ff9e6bd
0f3c717f-b0aa-42e2-a102-c1bb73cad14e;91681b54-89bf-430d-9973-ee62353e7570;2026-02-16 00:00:00+00;cb325dfa-3a82-4e4d-b53b-a752e6410d6a;;;2026-02-16 11:23:12.277956+00;Closed;Medium;;;false;[];Phone call;مراجعه عرض السعر ;[];;ea7945ba-d789-44d2-a87e-51dbea9c2ffb
6645b27c-a6b3-478d-b499-b1d2957b9d82;91681b54-89bf-430d-9973-ee62353e7570;2026-02-18 00:00:00+00;cb325dfa-3a82-4e4d-b53b-a752e6410d6a;;;2026-02-16 11:23:12.277956+00;Open;Medium;;;false;[];Phone call;;[];;ea7945ba-d789-44d2-a87e-51dbea9c2ffb
730a945b-e7e5-43c9-b65c-dc2e38511e4f;798b25be-1313-467e-9999-5aee00975139;2026-02-16 00:00:00+00;cb325dfa-3a82-4e4d-b53b-a752e6410d6a;;;2026-02-16 11:35:18.548318+00;Closed;Medium;;;false;[];Phone call;مراجعه سعر النرجس ويحتاج أيضا عرض سعر لحي نمار ;[];;6888aa14-86ff-4b4f-84ca-50672600e6f3
179c9568-fe76-4d8d-9a85-6a8e9de391da;798b25be-1313-467e-9999-5aee00975139;2026-02-18 00:00:00+00;cb325dfa-3a82-4e4d-b53b-a752e6410d6a;;;2026-02-16 11:35:18.548318+00;Open;Medium;;;false;[];Phone call;;[];;6888aa14-86ff-4b4f-84ca-50672600e6f3
e39c5fc1-8ded-4b19-836a-b8ce6073f9af;f97e5821-4345-4fab-a373-99d8617b0b1e;2026-02-16 00:00:00+00;cb325dfa-3a82-4e4d-b53b-a752e6410d6a;لم يرد ;;2026-02-16 11:52:49.542412+00;Closed;Medium;;;false;[];Phone call;;[];;ec5804b0-cf96-4d02-a805-325ecb702c1c
5b077f51-5652-4abe-9a70-983309ca9b0e;8b136951-cbc6-4aba-8041-6fdc427f8100;2026-02-16 00:00:00+00;cb325dfa-3a82-4e4d-b53b-a752e6410d6a;لديه أسعار أقل ;;2026-02-16 11:54:23.906011+00;Closed;Medium;;;false;[];Phone call;;[];;4d573519-a25a-4f5e-81ed-99fd0c58f477
778e4ef2-1bfb-409f-b2e3-2ebaa3ab0e39;a6a809d8-eef8-4d8b-96e8-0a9364b7ff79;2026-02-16 00:00:00+00;cb325dfa-3a82-4e4d-b53b-a752e6410d6a;لم يرد ;;2026-02-16 11:57:53.450415+00;Closed;Medium;;;false;[];WA;;[];;d1e9cfe3-1cda-4f01-b637-6cde2984bfc8
7834aef6-5672-4fc3-a257-ed9b35e3d9c3;eece510e-e14e-468e-8845-8c7c7a39584a;2026-02-16 00:00:00+00;cb325dfa-3a82-4e4d-b53b-a752e6410d6a;لديهم أسعار أقل ;;2026-02-16 12:00:21.863978+00;Closed;Medium;;;false;[];Phone call;;[];;e8062d3b-4183-4196-ae87-640cd728842c
08804e84-9550-4338-8f8b-fa376ac77e5d;7944c980-630f-4f7d-889f-5ec873a0499a;2026-02-16 00:00:00+00;cb325dfa-3a82-4e4d-b53b-a752e6410d6a;إرسال رقم المشتريات ;;2026-02-16 12:04:27.500272+00;Closed;Medium;;;false;[];Phone call;;[];;b4a36fbd-5ca9-4736-ba3b-06ee90fedf90
3ac1128a-8439-4e8b-8bd9-ec8a2c7f4626;7944c980-630f-4f7d-889f-5ec873a0499a;2026-02-18 00:00:00+00;cb325dfa-3a82-4e4d-b53b-a752e6410d6a;;;2026-02-16 12:12:34.928728+00;Open;Medium;;;false;[];Phone call;;[];;b4a36fbd-5ca9-4736-ba3b-06ee90fedf90
8aa19dfb-47c1-42be-b758-2c3c840e086a;e1cc2066-46c1-4cfb-a78a-195deb8d9b5f;2026-02-16 00:00:00+00;cb325dfa-3a82-4e4d-b53b-a752e6410d6a;لم يرد ;;2026-02-16 12:20:59.291308+00;Closed;Medium;;;false;[];Phone call;;[];;ab93e916-cc43-4962-9baa-0f7a3c53fa33
7ff9a8cc-c667-43ad-83fc-0f82b34f230b;a79f525b-ac39-4034-9685-8c3913775510;2026-02-17 00:00:00+00;cb325dfa-3a82-4e4d-b53b-a752e6410d6a;;;2026-02-17 11:02:11.322111+00;Closed;Medium;;;false;[];Phone call;المشرع الحالي تم الانتهاء من العضم وباقي المشاريع البدء بعد رمضات;[];;dc0a4053-6aca-48d6-9fb1-67987030aed5
8a7912e4-4a76-41cd-9aaf-ad5ad895544b;a79f525b-ac39-4034-9685-8c3913775510;2026-03-25 00:00:00+00;cb325dfa-3a82-4e4d-b53b-a752e6410d6a;;;2026-02-17 11:02:11.322111+00;Open;Medium;;;false;[];Phone call;;[];;dc0a4053-6aca-48d6-9fb1-67987030aed5
ebb53033-4c37-4b3f-a936-eb4b604eb97b;6f9db0c4-a072-49db-9aa8-eee0393f05f6;2026-02-17 00:00:00+00;cb325dfa-3a82-4e4d-b53b-a752e6410d6a;;;2026-02-17 11:07:27.381763+00;Closed;Medium;;;false;[];Phone call;تم ارسال عرض السعر إلى المشتريات لديهم ويتم التواصل معنا عند الاحتياج;[];;3ef335d5-53c2-4f92-a983-ec752a443a18
487157f9-f6cf-4704-873f-6adf339a930a;8871b725-4d43-4cf0-beda-eb38cfa558f6;2026-01-31 00:00:00+00;cb325dfa-3a82-4e4d-b53b-a752e6410d6a;متابعه بعد عرض السعر ;;2026-01-28 18:43:03.087898+00;Done;Medium;general;;false;[];Phone call;;[];0231161f-4bb2-410d-ba3b-dddd9e53d03e;074935bf-7f37-451e-9b83-c63e0352d7bc
5e0343f2-f134-4c21-a2f5-caf4fe580491;8871b725-4d43-4cf0-beda-eb38cfa558f6;2026-02-17 00:00:00+00;cb325dfa-3a82-4e4d-b53b-a752e6410d6a;لم يرد;;2026-02-17 11:12:54.254504+00;Closed;Medium;;;false;[];Phone call;;[];;074935bf-7f37-451e-9b83-c63e0352d7bc
ce335ee4-e165-4ecb-a077-96da27e208c9;8871b725-4d43-4cf0-beda-eb38cfa558f6;2026-02-19 00:00:00+00;cb325dfa-3a82-4e4d-b53b-a752e6410d6a;;;2026-02-17 11:12:54.254504+00;Open;Medium;;;false;[];Phone call;;[];;074935bf-7f37-451e-9b83-c63e0352d7bc
843bbdd6-f829-41ee-8b9c-31d0798a11d6;b6e3fd1e-4e20-47b5-ba34-3f337ddc9487;2026-02-17 00:00:00+00;cb325dfa-3a82-4e4d-b53b-a752e6410d6a;الرقم مغلق دايما ولا يوجد به واتساب;;2026-02-17 11:15:08.921444+00;Closed;Medium;;;false;[];Phone call;;[];;f29b5096-617d-48ce-9b13-7f84d03cfe75
d06718a2-31c5-4b06-9a73-673138627ca2;ec1aed95-1014-4692-9c0a-c7784d337301;2026-02-17 00:00:00+00;cb325dfa-3a82-4e4d-b53b-a752e6410d6a;لم يرد ;;2026-02-17 11:25:32.635059+00;Closed;Medium;;;false;[];Phone call;;[];;a187931d-8638-4d06-be43-8f55f774f802
7215445d-007d-4a41-82c6-553568e48640;ec1aed95-1014-4692-9c0a-c7784d337301;2026-02-19 00:00:00+00;cb325dfa-3a82-4e4d-b53b-a752e6410d6a;;;2026-02-17 11:25:32.635059+00;Open;Medium;;;false;[];Phone call;;[];;a187931d-8638-4d06-be43-8f55f774f802
7e86094f-8b4c-42db-8907-e3d413315eab;d3cf0b86-5b49-4d3b-873b-e405da0c7a58;2026-02-17 00:00:00+00;cb325dfa-3a82-4e4d-b53b-a752e6410d6a;;;2026-02-17 11:32:30.660653+00;Closed;Medium;;;false;[];Phone call;مراجعه عرض السعر ;[];;2715d53a-9601-45f5-8a1e-e38c5030de6c
b9dc76fc-ae1f-403e-96ec-75474ca4865b;d3cf0b86-5b49-4d3b-873b-e405da0c7a58;2026-02-18 00:00:00+00;cb325dfa-3a82-4e4d-b53b-a752e6410d6a;;;2026-02-17 11:32:30.660653+00;Open;Medium;;;false;[];Phone call;;[];;2715d53a-9601-45f5-8a1e-e38c5030de6c
598bfb35-0d84-4667-ae43-f5cf0e1c60d3;1e8af4ce-8ec8-40cc-b039-8430ec025664;2026-02-17 00:00:00+00;cb325dfa-3a82-4e4d-b53b-a752e6410d6a;لم  يرد;;2026-02-17 11:35:55.459593+00;Closed;Medium;;;false;[];Phone call;;[];;5ca7c156-9db1-4a23-8fb2-6bb39019ca9c
40878d10-fcad-4a43-a40d-278b1a32ad29;486b87ea-a037-4270-91cd-645420ddf230;2026-02-12 00:00:00+00;cb325dfa-3a82-4e4d-b53b-a752e6410d6a;;;2026-02-10 11:06:49.542536+00;Done;Medium;;;false;[];Phone call;;[];;bee30c85-7147-4b64-be60-2b907af78c9d
859cd33a-abb9-47aa-b8c7-26dea040820a;43f19210-9af8-48be-b862-79be1b4dfe99;2026-02-17 00:00:00+00;cb325dfa-3a82-4e4d-b53b-a752e6410d6a;;;2026-02-17 11:53:39.523145+00;Closed;Medium;;;false;[];Phone call;إرسال رقم مهندس المشاريع;[];;8a5dd293-0695-40b8-b9ae-2b25d2d05858
b5e8bf97-02f9-474e-b25c-2f6a6aebd370;43f19210-9af8-48be-b862-79be1b4dfe99;2026-02-18 00:00:00+00;cb325dfa-3a82-4e4d-b53b-a752e6410d6a;;;2026-02-17 11:53:39.523145+00;Open;Medium;;;false;[];Phone call;;[];;8a5dd293-0695-40b8-b9ae-2b25d2d05858
f3c43773-ceb8-4659-95c1-3c42b241fe81;1d958abd-134b-4668-b7a3-a6cca98b6e3c;2026-02-17 00:00:00+00;cb325dfa-3a82-4e4d-b53b-a752e6410d6a;;;2026-02-17 11:57:21.373431+00;Closed;Medium;;;false;[];Phone call;لم يرد;[];;edea6a2d-a6bf-48e9-91e4-ad1c17713219
533545b9-0c9a-4188-86c1-c17a0f9569fe;1d958abd-134b-4668-b7a3-a6cca98b6e3c;2026-02-18 00:00:00+00;cb325dfa-3a82-4e4d-b53b-a752e6410d6a;;;2026-02-17 11:57:21.373431+00;Open;Medium;;;false;[];Phone call;;[];;edea6a2d-a6bf-48e9-91e4-ad1c17713219
43f51929-d086-4165-87d1-008b9b8ba845;00bf2154-80fc-44db-8e58-0416f3aea810;2026-02-05 00:00:00+00;cb325dfa-3a82-4e4d-b53b-a752e6410d6a;;;2026-02-04 10:22:38.512769+00;Done;Medium;;;false;[];Phone call;;[];;3b69963e-368b-4d22-a5ec-a6e66094ce1a
7137af4f-74cc-4817-a454-c250eeb366ec;00bf2154-80fc-44db-8e58-0416f3aea810;2026-02-17 00:00:00+00;cb325dfa-3a82-4e4d-b53b-a752e6410d6a;لم يرد ;;2026-02-17 12:16:55.145733+00;Closed;Medium;;;false;[];Phone call;;[];;3b69963e-368b-4d22-a5ec-a6e66094ce1a
9f91eb37-558c-49be-8384-d66321b614e2;1cb37589-9eef-481d-b569-e0030ad56de2;2026-02-17 00:00:00+00;cb325dfa-3a82-4e4d-b53b-a752e6410d6a;لم يرد;;2026-02-17 12:21:01.722194+00;Closed;Medium;;;false;[];Phone call;;[];;69b77010-6644-4328-9cdf-4fe6f1113616
ef44eac0-7360-4cf2-bc60-9b1363fe1564;1cb37589-9eef-481d-b569-e0030ad56de2;2026-02-18 00:00:00+00;cb325dfa-3a82-4e4d-b53b-a752e6410d6a;;;2026-02-17 12:21:01.722194+00;Open;Medium;;;false;[];Phone call;;[];;69b77010-6644-4328-9cdf-4fe6f1113616
cd9b8acb-39ed-4d9f-b8bb-4cb3c35fa4d5;b8324c68-888f-4cc1-a42a-661ed2574634;2026-02-17 00:00:00+00;cb325dfa-3a82-4e4d-b53b-a752e6410d6a;;;2026-02-17 12:32:00.378377+00;Closed;Medium;;;false;[];Phone call;ما ابتدو ف المشروع ويحتاج سعر الخرسانه;[];;61c745ed-679b-4d27-9633-793370998788
66d693d7-768a-41fa-a22b-8c0f120d6e08;b8324c68-888f-4cc1-a42a-661ed2574634;2026-02-18 00:00:00+00;cb325dfa-3a82-4e4d-b53b-a752e6410d6a;;;2026-02-17 12:32:00.378377+00;Open;Medium;;;false;[];WA;;[];;61c745ed-679b-4d27-9633-793370998788
5c5e58dc-71d8-4c06-a32c-f32f4d7b60a8;c95134ba-6786-48a5-a15b-c78c0f3a2cf7;2026-02-18 00:00:00+00;cb325dfa-3a82-4e4d-b53b-a752e6410d6a;لم يرد;;2026-02-18 20:06:36.837016+00;Closed;Medium;;;false;[];Phone call;;[];;fb0d5e90-fc47-4d80-bb4e-e32a979f5368
6a3dd2c2-02b3-4361-88bb-0f96ac195ae2;21f74f7f-3859-4e3b-b215-83342105cf08;2026-02-18 00:00:00+00;cb325dfa-3a82-4e4d-b53b-a752e6410d6a;;;2026-02-18 20:11:46.616772+00;Closed;Medium;;;false;[];Phone call;زيارات موقعهم للاتفاق على إليه العمل ;[];;c6d037e1-743a-42fd-80ae-8caa1165909e
5126f742-d941-4cf5-b915-d99f278cfe53;21f74f7f-3859-4e3b-b215-83342105cf08;2026-02-19 00:00:00+00;cb325dfa-3a82-4e4d-b53b-a752e6410d6a;;;2026-02-18 20:11:46.616772+00;Open;Medium;;;false;[];Meeting;;[];;c6d037e1-743a-42fd-80ae-8caa1165909e
d9e01eac-e97f-4574-b12a-109aaa89dc34;5224c7c3-d036-4c29-b346-bc3cf4e27b1b;2026-02-18 00:00:00+00;cb325dfa-3a82-4e4d-b53b-a752e6410d6a;لم يرد ;;2026-02-18 20:14:42.869506+00;Closed;Medium;;;false;[];Phone call;;[];;0ffcc4e2-10f3-49ff-b98c-6d1e12b393d8
05d19384-3119-48f7-a32a-1ec7ca6192fe;12511b1c-d9b9-406c-8ef0-4ca568c712f0;2026-02-18 00:00:00+00;cb325dfa-3a82-4e4d-b53b-a752e6410d6a;;;2026-02-18 20:19:03.451519+00;Closed;Medium;;;false;[];Phone call;عرض سعر لبنه ذهبيه;[];;efbdf474-e4c4-44af-88a4-a725cc75ba5d
f3bdc633-bab0-4873-b597-287095b0d4e9;12511b1c-d9b9-406c-8ef0-4ca568c712f0;2026-02-22 00:00:00+00;cb325dfa-3a82-4e4d-b53b-a752e6410d6a;;;2026-02-18 20:19:03.451519+00;Open;Medium;;;false;[];Phone call;;[];;efbdf474-e4c4-44af-88a4-a725cc75ba5d
d807d7bb-6881-4288-8356-ea79521ebf2f;925da655-f88e-4e24-9aea-4a1c4c6cc3b9;2026-02-18 00:00:00+00;cb325dfa-3a82-4e4d-b53b-a752e6410d6a;لم يرد ;;2026-02-18 20:35:24.901142+00;Open;Medium;;;false;[];Phone call;;[];;e6c6e3ad-30a7-41db-8e95-2e77b2144502
ac3194a6-4324-4418-8d39-62aed1f2e7c5;925da655-f88e-4e24-9aea-4a1c4c6cc3b9;2026-02-25 00:00:00+00;cb325dfa-3a82-4e4d-b53b-a752e6410d6a;;;2026-02-18 20:35:45.084395+00;Open;Medium;;;false;[];Phone call;;[];;e6c6e3ad-30a7-41db-8e95-2e77b2144502
a67b95ba-aa53-49bf-ac50-abee3e8919a0;a2f27198-401f-4fc6-99e3-66ac850816bf;2026-02-18 00:00:00+00;cb325dfa-3a82-4e4d-b53b-a752e6410d6a;;;2026-02-18 20:42:01.622254+00;Closed;Medium;;;false;[];Phone call;يحتاج عرض سعر ب أسعار مناسبه للبلوك والخرسانه;[];;6494779e-661e-44c1-b9aa-1af015d7f804
63412ba9-4293-4077-95b2-b703374ebcdf;a2f27198-401f-4fc6-99e3-66ac850816bf;2026-02-25 00:00:00+00;cb325dfa-3a82-4e4d-b53b-a752e6410d6a;;;2026-02-18 20:42:01.622254+00;Open;Medium;;;false;[];Phone call;;[];;6494779e-661e-44c1-b9aa-1af015d7f804
292506d4-0280-4513-b59a-cf2ffda285a4;50b50aa0-e841-4716-a186-6ebe15dedaa2;2026-02-18 00:00:00+00;cb325dfa-3a82-4e4d-b53b-a752e6410d6a;;;2026-02-18 20:49:34.518118+00;Open;Medium;;;false;[];Phone call;لا يحتاج الان لَكن المتابعه فيما بعد في وجود مشاريع أخرى ;[];;26feae9f-49b5-4a6b-8d36-befd6a3b3db4
1e190ae4-94ac-4986-a096-6d41b668936a;affeacf6-b03c-4627-bebb-0bfa9dc3f705;2026-02-18 00:00:00+00;cb325dfa-3a82-4e4d-b53b-a752e6410d6a;;;2026-02-18 20:54:13.932221+00;Closed;Medium;;;false;[];Phone call;ليس لديه مشاريع قائمه الان متابعه بعد رمضان;[];;106f82c2-4063-4a6d-8bc4-ae1ed91110ad
6edb3c22-90ee-4169-a251-b8f53492263e;affeacf6-b03c-4627-bebb-0bfa9dc3f705;2026-03-25 00:00:00+00;cb325dfa-3a82-4e4d-b53b-a752e6410d6a;;;2026-02-18 20:54:13.932221+00;Open;Medium;;;false;[];Phone call;;[];;
13a80988-26fe-40cc-ad93-d6e9ffa4e3d1;40e16d49-322d-4537-af33-bb18b08daa34;2026-02-18 00:00:00+00;cb325dfa-3a82-4e4d-b53b-a752e6410d6a;لم يرد ;;2026-02-18 20:57:25.438123+00;Closed;Medium;;;false;[];Phone call;;[];;f67a14d7-07d3-4fd4-89df-9eb29a99e7b2
dc13fadf-e4fc-4a2a-a5dc-09d4ef39301c;40e16d49-322d-4537-af33-bb18b08daa34;2026-02-22 00:00:00+00;cb325dfa-3a82-4e4d-b53b-a752e6410d6a;;;2026-02-18 20:57:25.438123+00;Open;Medium;;;false;[];Phone call;;[];;f67a14d7-07d3-4fd4-89df-9eb29a99e7b2
1f80d8dc-f51a-4953-a17e-5b1aee0adef9;8144f52b-532a-4e36-a246-9713c1ab7acc;2026-02-19 00:00:00+00;cb325dfa-3a82-4e4d-b53b-a752e6410d6a;لم يرد;;2026-02-18 21:01:52.961456+00;Closed;Medium;;;false;[];Phone call;;[];;f4d7eae9-b1c2-4042-8446-644ed43b4364
2d33857a-11c8-41a7-888b-a94165fdb501;8144f52b-532a-4e36-a246-9713c1ab7acc;2026-02-22 00:00:00+00;cb325dfa-3a82-4e4d-b53b-a752e6410d6a;;;2026-02-18 21:01:52.961456+00;Open;Medium;;;false;[];Phone call;;[];;f4d7eae9-b1c2-4042-8446-644ed43b4364
14f5d21f-6046-4f2f-a6b3-c334c21b2a7a;d949d8af-6f9f-4d38-9e94-2c111ab9ea60;2026-02-12 00:00:00+00;cb325dfa-3a82-4e4d-b53b-a752e6410d6a;;;2026-02-10 10:59:46.766835+00;Done;Medium;;;false;[];Phone call;;[];;e996e5c9-3fcf-49c7-ad3a-1723f3a2fd67
7c265b16-0050-48da-b74f-44619990c0ed;d949d8af-6f9f-4d38-9e94-2c111ab9ea60;2026-02-19 00:00:00+00;cb325dfa-3a82-4e4d-b53b-a752e6410d6a;;;2026-02-18 21:03:58.765357+00;Closed;Medium;;;false;[];Phone call;الأسعار مرتفعه جدا;[];;e996e5c9-3fcf-49c7-ad3a-1723f3a2fd67
c50bc204-1390-45a5-9fd2-ad95d3a914d5;d949d8af-6f9f-4d38-9e94-2c111ab9ea60;2026-03-25 00:00:00+00;cb325dfa-3a82-4e4d-b53b-a752e6410d6a;;;2026-02-18 21:03:58.765357+00;Open;Medium;;;false;[];Phone call;;[];;e996e5c9-3fcf-49c7-ad3a-1723f3a2fd67
c7011913-e550-4663-b52f-0f4d1d74fa2f;486b87ea-a037-4270-91cd-645420ddf230;2026-02-19 00:00:00+00;cb325dfa-3a82-4e4d-b53b-a752e6410d6a;;;2026-02-18 21:08:13.710166+00;Closed;Medium;;;false;[];Phone call;مراجعه عرض السعر ;[];;bee30c85-7147-4b64-be60-2b907af78c9d
e9c2f710-df18-42b5-9f43-f9992aca1b4a;486b87ea-a037-4270-91cd-645420ddf230;2026-02-22 00:00:00+00;cb325dfa-3a82-4e4d-b53b-a752e6410d6a;;;2026-02-18 21:08:13.710166+00;Open;Medium;;;false;[];Phone call;;[];;bee30c85-7147-4b64-be60-2b907af78c9d
a729d013-30d7-4724-97d8-7e32959ed79f;08b09843-eab4-4373-9ef0-6a0753f43f7d;2026-02-23 00:00:00+00;cb325dfa-3a82-4e4d-b53b-a752e6410d6a;Follow-up;;2026-02-21 12:05:41.413685+00;Open;Medium;general;;false;[];Phone call;;[];2038afd4-a9f1-4b79-ae24-8e8564d2c909;29921135-4369-4921-bfe5-933346d5d562
6f781093-a73b-467c-a5a7-4dfa6cd52690;40396885-3d46-440b-81de-49535ef4b1e0;2026-02-23 00:00:00+00;cb325dfa-3a82-4e4d-b53b-a752e6410d6a;Follow-up;;2026-02-21 12:09:44.049712+00;Open;Medium;general;;false;[];Phone call;;[];c7b5e280-7c20-452e-8b7a-a8a81e894edd;1919aecb-9932-48b1-8b09-978e06d6a470
afcf681a-04c2-43c7-8f85-5b2486f89489;f5709870-436a-47d6-8490-1ae43fe45cc1;2026-02-23 00:00:00+00;cb325dfa-3a82-4e4d-b53b-a752e6410d6a;Follow-up;;2026-02-21 12:16:07.162974+00;Open;Medium;general;;false;[];Phone call;;[];e316389b-b4e5-4170-9ad1-6129d40e15a4;6360abf8-ee36-43aa-a560-8eba662b862c
53fa12cb-ef5c-445c-b25f-d7be8c2589e5;18780994-5be4-4c63-89a8-0f7cfe4fb788;2026-02-23 00:00:00+00;cb325dfa-3a82-4e4d-b53b-a752e6410d6a;Follow-up;;2026-02-21 12:23:22.378882+00;Open;Medium;general;;false;[];Phone call;;[];cb1c17aa-7d44-4eb4-b644-25adf2c4c14e;da812554-684f-4fbb-8ee7-8e522a778dc9
874bac3f-ef39-4a07-8810-07c21692930c;192b27dc-767c-4265-bff9-3f2263c7e8d3;2026-02-28 00:00:00+00;cb325dfa-3a82-4e4d-b53b-a752e6410d6a;Follow-up;;2026-02-21 12:40:56.68882+00;Open;Medium;general;;false;[];Phone call;;[];73123026-b4ad-409d-bd6e-2cc658c8d592;a189f6ee-2e61-4da5-82de-a0b027b94c10